Transaction_ID,Transaction_Date,Revenue,Expenses,Profit,Category,Region,Department,Product_Line,Customer_Segment,Payment_Method,Discount
TXN0001,2023-05-02,42532,18537,23995,R&D,Europe,HR,Software,SMB,Cash,0.09
TXN0002,2022-08-09,10349,25295,-14946,Operations,Europe,IT,Furniture,B2B,Bank Transfer,0.22
TXN0003,2022-12-31,21977,10934,11043,R&D,North America,IT,Electronics,B2B,Cash,0.25
TXN0004,2023-03-03,45628,5035,40593,Sales,South America,Operations,Healthcare,B2C,Credit Card,0.04
TXN0005,2022-08-08,33779,10904,22875,Marketing,Africa,HR,Healthcare,SMB,Cash,0.13
TXN0006,2022-06-14,17652,8690,8962,R&D,Africa,Operations,Software,Enterprise,Credit Card,0.17
TXN0007,2023-01-27,28372,28474,-102,R&D,Asia-Pacific,Sales,Clothing,B2C,Cash,0.19
TXN0008,2023-04-20,40292,27312,12980,Marketing,Africa,IT,Healthcare,Enterprise,Credit Card,0.01
TXN0009,2023-12-31,32812,9030,23782,R&D,Asia-Pacific,HR,Furniture,B2B,Cash,0.1
TXN0010,2022-05-05,29218,7453,21765,Operations,Africa,Finance,Electronics,B2C,Bank Transfer,0.02
TXN0011,2023-12-28,9475,14273,-4798,Sales,Africa,Operations,Healthcare,B2B,Cash,0.09
TXN0012,2022-10-17,35566,12635,22931,R&D,Africa,Operations,Clothing,Enterprise,Bank Transfer,0.22
TXN0013,2023-03-04,32433,27709,4724,Operations,Africa,HR,Software,SMB,Cash,0.02
TXN0014,2022-05-26,15800,8136,7664,R&D,Europe,Operations,Healthcare,SMB,Cash,0.02
TXN0015,2023-04-29,32457,29679,2778,R&D,Africa,IT,Healthcare,B2C,PayPal,0.08
TXN0016,2023-07-23,29315,4367,24948,Sales,Europe,IT,Furniture,SMB,Cash,0.11
TXN0017,2023-05-20,19157,24763,-5606,R&D,Africa,Sales,Healthcare,B2B,Cash,0.25
TXN0018,2023-10-18,24454,20187,4267,R&D,Africa,IT,Electronics,B2B,Cash,0.28
TXN0019,2023-10-21,49217,27085,22132,R&D,South America,HR,Healthcare,B2B,Credit Card,0.27
TXN0020,2023-08-14,24347,10383,13964,Sales,North America,IT,Healthcare,SMB,Cash,0.06
TXN0021,2023-09-13,44201,18584,25617,R&D,Africa,IT,Clothing,SMB,Cash,0.09
TXN0022,2022-12-23,14561,6544,8017,R&D,Africa,Marketing,Software,B2C,Cash,0.24
TXN0023,2022-12-04,34223,24176,10047,Sales,Europe,IT,Healthcare,B2B,Bank Transfer,0.28
TXN0024,2022-05-22,19653,10682,8971,Operations,Asia-Pacific,IT,Healthcare,SMB,Credit Card,0.17
TXN0025,2022-10-13,31752,17942,13810,R&D,North America,Marketing,Healthcare,B2C,Cash,0.21
TXN0026,2023-10-09,13960,17044,-3084,Sales,Africa,IT,Furniture,B2B,Cash,0.22
TXN0027,2023-08-18,49044,16900,32144,R&D,Africa,Marketing,Software,B2C,Cash,0.02
TXN0028,2022-12-08,33476,28521,4955,R&D,Africa,IT,Healthcare,B2B,Credit Card,0.0
TXN0029,2023-04-18,41389,4568,36821,R&D,Africa,IT,Clothing,SMB,Cash,0.13
TXN0030,2022-04-24,40707,5700,35007,R&D,Africa,Marketing,Healthcare,B2B,Cash,0.12
TXN0031,2023-08-13,7284,28494,-21210,HR,Europe,IT,Electronics,B2B,Cash,0.11
TXN0032,2022-03-20,31751,6031,25720,Operations,Europe,Sales,Healthcare,SMB,Cash,0.25
TXN0033,2022-01-02,41437,25843,15594,Operations,Europe,IT,Healthcare,B2B,Credit Card,0.11
TXN0034,2022-01-02,9846,28485,-18639,R&D,Africa,IT,Software,SMB,Credit Card,0.23
TXN0035,2023-01-31,32102,15661,16441,R&D,Africa,IT,Clothing,Enterprise,PayPal,0.04
TXN0036,2023-03-17,15703,21762,-6059,Marketing,Europe,HR,Furniture,SMB,Credit Card,0.14
TXN0037,2022-02-05,20643,21956,-1313,Marketing,Africa,IT,Healthcare,Enterprise,Cash,0.16
TXN0038,2023-02-22,15515,18387,-2872,HR,South America,Operations,Clothing,B2B,Cash,0.12
TXN0039,2023-05-10,46870,5050,41820,R&D,North America,HR,Software,B2B,Credit Card,0.05
TXN0040,2023-06-02,32968,27967,5001,Sales,Asia-Pacific,HR,Electronics,SMB,Credit Card,0.2
TXN0041,2023-06-10,42721,12998,29723,R&D,Europe,IT,Clothing,SMB,PayPal,0.1
TXN0042,2023-02-27,28936,7014,21922,R&D,Africa,Sales,Furniture,B2B,Cash,0.05
TXN0043,2023-11-24,8285,16839,-8554,Marketing,Asia-Pacific,HR,Electronics,SMB,Cash,0.16
TXN0044,2023-08-02,14216,24557,-10341,Sales,Africa,IT,Electronics,SMB,Cash,0.24
TXN0045,2023-08-18,38852,13378,25474,HR,North America,IT,Healthcare,SMB,Cash,0.22
TXN0046,2022-04-05,6458,20646,-14188,R&D,South America,Operations,Software,SMB,Cash,0.24
TXN0047,2023-09-27,10192,17813,-7621,Marketing,North America,IT,Healthcare,SMB,Credit Card,0.05
TXN0048,2023-09-17,10781,20614,-9833,R&D,North America,IT,Healthcare,B2B,Credit Card,0.09
TXN0049,2023-09-07,30958,19737,11221,Sales,Africa,Marketing,Software,B2B,PayPal,0.27
TXN0050,2023-09-10,43631,26472,17159,HR,Africa,IT,Furniture,Enterprise,Cash,0.02
TXN0051,2023-12-08,39323,11424,27899,Operations,Africa,Marketing,Electronics,SMB,PayPal,0.0
TXN0052,2023-11-23,27062,9556,17506,Operations,North America,IT,Healthcare,B2C,Credit Card,0.15
TXN0053,2022-08-31,32886,28080,4806,R&D,Africa,HR,Furniture,B2C,Cash,0.26
TXN0054,2023-10-04,45086,18227,26859,R&D,Africa,Sales,Software,SMB,Bank Transfer,0.21
TXN0055,2023-03-09,26010,25038,972,R&D,Europe,Marketing,Furniture,B2C,Cash,0.28
TXN0056,2023-02-08,39327,26364,12963,Marketing,Africa,Operations,Clothing,SMB,PayPal,0.04
TXN0057,2023-06-10,47439,6733,40706,Marketing,Africa,IT,Software,B2C,Credit Card,0.24
TXN0058,2022-07-15,13241,7352,5889,R&D,Africa,IT,Clothing,B2B,Cash,0.11
TXN0059,2022-04-16,30230,3704,26526,Sales,North America,IT,Furniture,SMB,Bank Transfer,0.02
TXN0060,2023-04-27,18353,16059,2294,Operations,Asia-Pacific,Sales,Electronics,B2B,PayPal,0.09
TXN0061,2023-10-27,41284,22542,18742,R&D,Africa,Sales,Electronics,SMB,Cash,0.0
TXN0062,2023-06-10,35620,24298,11322,R&D,Europe,IT,Clothing,SMB,Credit Card,0.14
TXN0063,2022-09-09,30168,24997,5171,HR,Europe,Sales,Healthcare,SMB,Cash,0.09
TXN0064,2022-09-29,39801,21226,18575,R&D,Africa,Operations,Healthcare,SMB,Bank Transfer,0.1
TXN0065,2022-10-08,35697,10827,24870,R&D,Africa,Sales,Electronics,B2C,PayPal,0.18
TXN0066,2023-05-22,25794,15941,9853,HR,Europe,IT,Clothing,B2C,Cash,0.22
TXN0067,2023-10-29,15050,4854,10196,Sales,Europe,IT,Electronics,B2B,Credit Card,0.03
TXN0068,2022-01-10,19647,8556,11091,R&D,North America,Sales,Furniture,SMB,Credit Card,0.12
TXN0069,2022-07-01,7634,21298,-13664,R&D,Africa,IT,Clothing,Enterprise,Bank Transfer,0.07
TXN0070,2023-04-06,11131,29465,-18334,Sales,Africa,Finance,Software,SMB,Bank Transfer,0.22
TXN0071,2023-02-27,26553,3546,23007,R&D,North America,Finance,Healthcare,B2B,Credit Card,0.23
TXN0072,2022-07-08,39632,24268,15364,R&D,Asia-Pacific,IT,Healthcare,Enterprise,Credit Card,0.06
TXN0073,2023-05-22,29946,7691,22255,R&D,North America,IT,Healthcare,SMB,Cash,0.03
TXN0074,2022-12-09,34565,25995,8570,R&D,Africa,IT,Software,SMB,Cash,0.18
TXN0075,2022-10-11,25240,10423,14817,Marketing,Africa,Marketing,Healthcare,SMB,Cash,0.28
TXN0076,2023-04-16,43855,24091,19764,R&D,Africa,Operations,Furniture,B2C,Bank Transfer,0.28
TXN0077,2023-05-12,18903,19685,-782,Marketing,Africa,Operations,Clothing,Enterprise,Credit Card,0.18
TXN0078,2023-07-11,35656,14122,21534,HR,Africa,IT,Healthcare,B2B,Cash,0.06
TXN0079,2022-10-02,19193,10516,8677,R&D,South America,Operations,Clothing,B2B,PayPal,0.05
TXN0080,2022-02-15,20262,18926,1336,Operations,North America,Marketing,Healthcare,Enterprise,Cash,0.16
TXN0081,2022-02-24,15668,25755,-10087,Marketing,Europe,Finance,Electronics,SMB,Credit Card,0.19
TXN0082,2023-08-04,35158,3802,31356,Sales,Africa,Sales,Furniture,B2C,Credit Card,0.15
TXN0083,2023-09-01,11338,19451,-8113,R&D,Africa,Sales,Clothing,SMB,PayPal,0.04
TXN0084,2022-01-02,10187,17432,-7245,Marketing,Asia-Pacific,Marketing,Healthcare,SMB,Cash,0.22
TXN0085,2023-08-02,49322,21537,27785,R&D,Africa,Sales,Healthcare,SMB,Credit Card,0.06
TXN0086,2022-05-20,9900,14929,-5029,R&D,Europe,HR,Healthcare,SMB,Credit Card,0.21
TXN0087,2022-03-31,22151,6699,15452,R&D,Europe,IT,Healthcare,SMB,Credit Card,0.26
TXN0088,2023-05-31,33235,15204,18031,R&D,South America,IT,Electronics,B2B,Credit Card,0.08
TXN0089,2022-12-27,20601,4375,16226,R&D,Africa,Operations,Healthcare,SMB,Cash,0.03
TXN0090,2023-11-06,18068,17391,677,Sales,Africa,Sales,Furniture,B2C,Bank Transfer,0.13
TXN0091,2023-06-01,29731,25725,4006,HR,South America,Marketing,Healthcare,B2B,Bank Transfer,0.07
TXN0092,2022-08-18,36514,4123,32391,Sales,North America,Sales,Clothing,B2B,Credit Card,0.29
TXN0093,2022-01-31,27660,21883,5777,Operations,Africa,Operations,Healthcare,Enterprise,Credit Card,0.06
TXN0094,2023-12-29,27099,27518,-419,Sales,Asia-Pacific,IT,Furniture,SMB,PayPal,0.14
TXN0095,2022-12-16,11696,11240,456,R&D,Africa,Sales,Software,B2B,PayPal,0.22
TXN0096,2023-01-17,5551,15554,-10003,Operations,Asia-Pacific,IT,Healthcare,B2C,Credit Card,0.24
TXN0097,2023-11-23,28434,3581,24853,Sales,Europe,IT,Furniture,B2B,Cash,0.14
TXN0098,2022-09-10,16244,29130,-12886,Sales,North America,Sales,Healthcare,B2C,PayPal,0.18
TXN0099,2022-08-06,19974,20270,-296,Marketing,Africa,Operations,Electronics,B2C,Cash,0.11
TXN0100,2022-12-09,34750,15040,19710,HR,Europe,Sales,Software,SMB,Credit Card,0.01
TXN0101,2022-06-09,35015,27306,7709,R&D,Africa,IT,Software,SMB,PayPal,0.22
TXN0102,2023-04-26,36220,25094,11126,Sales,North America,IT,Healthcare,SMB,Cash,0.16
TXN0103,2023-11-14,8484,26783,-18299,Operations,Europe,Finance,Healthcare,SMB,Credit Card,0.1
TXN0104,2022-01-23,21845,28714,-6869,R&D,Europe,IT,Electronics,B2C,Credit Card,0.23
TXN0105,2023-04-19,14115,3834,10281,R&D,South America,IT,Clothing,B2B,PayPal,0.13
TXN0106,2022-03-07,20560,18829,1731,R&D,South America,HR,Software,SMB,PayPal,0.0
TXN0107,2023-05-18,11696,9206,2490,Sales,Europe,HR,Clothing,SMB,Cash,0.21
TXN0108,2023-05-07,40725,17713,23012,Operations,Africa,Finance,Healthcare,SMB,Cash,0.02
TXN0109,2022-11-07,18978,13932,5046,HR,North America,IT,Software,SMB,Cash,0.04
TXN0110,2023-08-20,5553,9387,-3834,Sales,North America,Operations,Electronics,Enterprise,PayPal,0.04
TXN0111,2022-10-11,20635,25657,-5022,R&D,North America,Finance,Healthcare,B2B,PayPal,0.19
TXN0112,2022-03-21,45952,28381,17571,R&D,Europe,IT,Clothing,SMB,Credit Card,0.12
TXN0113,2023-06-28,29183,22570,6613,R&D,Asia-Pacific,IT,Software,SMB,Cash,0.15
TXN0114,2022-03-31,6154,29850,-23696,Marketing,North America,IT,Healthcare,SMB,Bank Transfer,0.19
TXN0115,2022-04-05,48000,20671,27329,Marketing,Africa,Finance,Clothing,B2B,Cash,0.03
TXN0116,2022-08-23,27957,21829,6128,Marketing,Africa,Sales,Healthcare,SMB,Cash,0.07
TXN0117,2023-11-08,43742,11256,32486,Sales,Europe,Marketing,Software,B2C,Cash,0.25
TXN0118,2022-03-14,37356,26354,11002,R&D,Africa,Marketing,Furniture,B2B,Credit Card,0.02
TXN0119,2023-10-10,7517,25080,-17563,Operations,North America,IT,Electronics,SMB,PayPal,0.15
TXN0120,2022-06-02,28136,19515,8621,R&D,Asia-Pacific,Marketing,Furniture,Enterprise,PayPal,0.24
TXN0121,2023-11-19,7447,23304,-15857,R&D,Asia-Pacific,IT,Electronics,Enterprise,Bank Transfer,0.12
TXN0122,2023-04-22,19378,14922,4456,Operations,Africa,IT,Healthcare,SMB,Cash,0.25
TXN0123,2022-01-26,35366,24895,10471,Marketing,Africa,IT,Healthcare,Enterprise,Credit Card,0.21
TXN0124,2022-09-06,29064,15879,13185,Marketing,Africa,IT,Clothing,Enterprise,Cash,0.0
TXN0125,2022-08-19,28423,5381,23042,Marketing,Asia-Pacific,Sales,Healthcare,B2B,Cash,0.05
TXN0126,2023-09-05,36598,5456,31142,HR,Asia-Pacific,Finance,Electronics,SMB,Cash,0.27
TXN0127,2023-03-26,34319,23906,10413,R&D,Africa,IT,Electronics,SMB,Credit Card,0.06
TXN0128,2022-04-28,14562,5291,9271,R&D,South America,IT,Electronics,SMB,Bank Transfer,0.2
TXN0129,2022-06-16,12928,27310,-14382,R&D,North America,IT,Clothing,SMB,Bank Transfer,0.23
TXN0130,2023-02-04,47558,23982,23576,R&D,Africa,Sales,Furniture,B2C,Credit Card,0.11
TXN0131,2022-03-28,44051,10723,33328,HR,Europe,IT,Software,B2B,Bank Transfer,0.22
TXN0132,2022-09-10,14318,18938,-4620,Sales,North America,Finance,Healthcare,SMB,Cash,0.14
TXN0133,2023-11-03,27382,17574,9808,HR,Africa,IT,Furniture,SMB,Credit Card,0.04
TXN0134,2022-03-24,10381,17615,-7234,R&D,Europe,Marketing,Electronics,SMB,Cash,0.06
TXN0135,2022-06-03,48430,29510,18920,R&D,Africa,IT,Clothing,B2B,Credit Card,0.16
TXN0136,2023-10-30,41011,11523,29488,Sales,North America,Marketing,Healthcare,SMB,Cash,0.03
TXN0137,2022-04-21,5365,16520,-11155,Marketing,Africa,HR,Electronics,SMB,Bank Transfer,0.23
TXN0138,2023-06-01,28829,23697,5132,R&D,North America,Sales,Electronics,SMB,Credit Card,0.08
TXN0139,2023-05-24,40629,22043,18586,Operations,Africa,Sales,Electronics,SMB,Credit Card,0.09
TXN0140,2023-04-25,28763,26305,2458,R&D,Africa,IT,Software,B2B,Credit Card,0.19
TXN0141,2023-06-05,37803,17092,20711,R&D,North America,IT,Clothing,SMB,Credit Card,0.21
TXN0142,2023-04-18,10930,28288,-17358,Marketing,Europe,IT,Electronics,SMB,Cash,0.0
TXN0143,2022-09-16,40539,22551,17988,R&D,Africa,HR,Healthcare,Enterprise,Cash,0.04
TXN0144,2023-10-12,28794,15294,13500,Marketing,Asia-Pacific,IT,Healthcare,SMB,Credit Card,0.01
TXN0145,2022-04-08,27056,6760,20296,Marketing,Africa,Operations,Clothing,SMB,PayPal,0.06
TXN0146,2022-04-26,11588,22104,-10516,HR,Europe,Marketing,Healthcare,B2B,PayPal,0.07
TXN0147,2023-05-19,5259,27332,-22073,R&D,South America,IT,Clothing,B2B,Cash,0.22
TXN0148,2023-05-08,33045,7432,25613,R&D,South America,IT,Healthcare,SMB,Cash,0.28
TXN0149,2023-03-16,17407,17514,-107,R&D,North America,Operations,Healthcare,B2B,Credit Card,0.21
TXN0150,2023-09-27,38259,16161,22098,Sales,Africa,Sales,Healthcare,B2B,PayPal,0.04
TXN0151,2022-01-21,48331,25382,22949,HR,Europe,IT,Healthcare,B2B,Credit Card,0.24
TXN0152,2022-10-02,23211,15536,7675,R&D,Africa,Sales,Healthcare,Enterprise,Cash,0.12
TXN0153,2022-06-11,47491,26615,20876,R&D,Europe,Marketing,Clothing,SMB,Cash,0.25
TXN0154,2022-06-25,38633,13416,25217,HR,South America,Operations,Electronics,B2B,Cash,0.06
TXN0155,2023-10-26,28666,3236,25430,R&D,North America,Marketing,Software,SMB,Cash,0.18
TXN0156,2023-08-23,35912,6339,29573,R&D,South America,IT,Clothing,SMB,Credit Card,0.02
TXN0157,2023-06-27,9366,20643,-11277,Sales,South America,Operations,Electronics,B2B,Credit Card,0.13
TXN0158,2022-09-15,17900,8974,8926,R&D,Africa,Finance,Electronics,SMB,Cash,0.12
TXN0159,2022-06-01,19550,28436,-8886,R&D,Asia-Pacific,IT,Clothing,SMB,Bank Transfer,0.23
TXN0160,2022-09-16,27870,14859,13011,Sales,South America,Marketing,Electronics,SMB,Cash,0.13
TXN0161,2022-12-06,15560,13470,2090,R&D,South America,IT,Furniture,B2C,Bank Transfer,0.18
TXN0162,2022-09-20,26498,16419,10079,Sales,Africa,IT,Software,B2B,Credit Card,0.07
TXN0163,2022-06-02,36643,12219,24424,Sales,Europe,Operations,Healthcare,B2C,Cash,0.01
TXN0164,2022-06-15,15417,11520,3897,Sales,Africa,IT,Healthcare,Enterprise,Bank Transfer,0.15
TXN0165,2022-03-21,40945,8745,32200,R&D,Africa,HR,Software,B2B,Cash,0.04
TXN0166,2022-11-22,33205,7552,25653,Sales,Europe,Finance,Electronics,B2C,Cash,0.22
TXN0167,2023-02-05,40058,9456,30602,Sales,Europe,IT,Electronics,Enterprise,Bank Transfer,0.26
TXN0168,2022-07-05,33207,18999,14208,R&D,Africa,Marketing,Healthcare,SMB,Cash,0.15
TXN0169,2022-02-19,29495,28823,672,R&D,North America,IT,Electronics,B2C,Cash,0.07
TXN0170,2022-07-23,12429,25975,-13546,Sales,Africa,IT,Software,SMB,Cash,0.19
TXN0171,2023-06-15,29180,10484,18696,R&D,Africa,IT,Healthcare,SMB,Credit Card,0.07
TXN0172,2022-01-08,49011,15102,33909,Marketing,North America,HR,Healthcare,SMB,Bank Transfer,0.2
TXN0173,2022-03-23,48108,6948,41160,R&D,Africa,Sales,Electronics,Enterprise,Bank Transfer,0.12
TXN0174,2023-04-10,47309,11223,36086,HR,Europe,Marketing,Clothing,B2C,Bank Transfer,0.09
TXN0175,2022-12-02,47724,5951,41773,Sales,South America,Marketing,Healthcare,B2B,Credit Card,0.08
TXN0176,2022-05-14,42327,8129,34198,HR,Europe,Marketing,Healthcare,Enterprise,Bank Transfer,0.07
TXN0177,2022-06-14,28707,11786,16921,R&D,Africa,IT,Electronics,SMB,PayPal,0.25
TXN0178,2022-06-23,21812,4797,17015,Sales,Africa,Sales,Clothing,Enterprise,Cash,0.0
TXN0179,2023-02-07,28901,24024,4877,HR,North America,IT,Clothing,Enterprise,Bank Transfer,0.05
TXN0180,2023-06-14,34017,7362,26655,R&D,Asia-Pacific,IT,Software,B2B,Cash,0.12
TXN0181,2023-09-09,39055,4437,34618,Marketing,Europe,Operations,Software,SMB,Credit Card,0.02
TXN0182,2023-05-24,35883,19298,16585,Operations,North America,Finance,Healthcare,SMB,PayPal,0.1
TXN0183,2022-08-16,14903,14384,519,R&D,Asia-Pacific,Sales,Furniture,SMB,Credit Card,0.19
TXN0184,2023-10-10,34117,8650,25467,R&D,Africa,Marketing,Clothing,Enterprise,Cash,0.05
TXN0185,2022-10-02,31398,16333,15065,R&D,North America,Sales,Electronics,Enterprise,Credit Card,0.29
TXN0186,2022-06-22,20206,27855,-7649,Operations,Asia-Pacific,HR,Electronics,SMB,Cash,0.23
TXN0187,2023-11-12,21815,9290,12525,R&D,Africa,Sales,Software,SMB,Cash,0.2
TXN0188,2023-05-02,45922,26257,19665,R&D,Africa,Marketing,Healthcare,SMB,Bank Transfer,0.0
TXN0189,2023-04-07,27657,17685,9972,Marketing,Africa,IT,Software,SMB,Bank Transfer,0.11
TXN0190,2022-09-09,41139,21196,19943,R&D,Africa,Sales,Clothing,SMB,Cash,0.06
TXN0191,2023-04-12,26140,12884,13256,R&D,North America,Sales,Healthcare,SMB,Credit Card,0.07
TXN0192,2022-02-04,15432,21761,-6329,Sales,Europe,Sales,Clothing,SMB,Cash,0.29
TXN0193,2023-12-10,6507,10428,-3921,HR,Europe,IT,Healthcare,SMB,Bank Transfer,0.19
TXN0194,2023-03-02,37188,27806,9382,Marketing,North America,Finance,Electronics,B2B,Cash,0.01
TXN0195,2023-07-08,23562,23925,-363,R&D,North America,Marketing,Healthcare,Enterprise,Cash,0.14
TXN0196,2023-06-13,16308,19811,-3503,R&D,Asia-Pacific,Sales,Furniture,Enterprise,Credit Card,0.17
TXN0197,2022-10-04,10280,12231,-1951,R&D,North America,HR,Healthcare,B2B,Cash,0.18
TXN0198,2022-09-06,13830,17772,-3942,Marketing,Asia-Pacific,IT,Clothing,B2B,Credit Card,0.02
TXN0199,2023-10-25,31284,28996,2288,R&D,Africa,IT,Healthcare,SMB,Cash,0.16
TXN0200,2023-06-13,14113,5981,8132,R&D,Africa,IT,Electronics,Enterprise,Credit Card,0.03
TXN0201,2023-12-17,21875,5372,16503,Sales,North America,IT,Healthcare,SMB,Credit Card,0.15
TXN0202,2022-10-12,40559,9388,31171,Sales,Africa,Finance,Healthcare,B2B,Credit Card,0.11
TXN0203,2023-08-26,29734,15113,14621,Sales,Africa,Sales,Software,B2B,Bank Transfer,0.16
TXN0204,2023-06-17,46305,16344,29961,R&D,North America,IT,Healthcare,SMB,Cash,0.11
TXN0205,2023-09-16,32863,21403,11460,R&D,Asia-Pacific,Sales,Electronics,SMB,Cash,0.24
TXN0206,2022-12-05,37445,12734,24711,HR,Africa,Marketing,Furniture,SMB,PayPal,0.27
TXN0207,2022-10-26,33675,18676,14999,R&D,Africa,Sales,Healthcare,SMB,PayPal,0.27
TXN0208,2023-04-12,13090,6232,6858,R&D,Africa,IT,Healthcare,B2B,Cash,0.11
TXN0209,2022-08-10,28305,10221,18084,R&D,North America,IT,Electronics,B2B,PayPal,0.0
TXN0210,2022-09-02,41726,7567,34159,HR,Africa,Marketing,Healthcare,Enterprise,Credit Card,0.28
TXN0211,2023-02-13,22619,25392,-2773,R&D,Africa,IT,Electronics,B2C,PayPal,0.17
TXN0212,2023-12-22,32948,11168,21780,R&D,North America,Marketing,Furniture,SMB,Credit Card,0.06
TXN0213,2023-05-19,37089,18880,18209,Operations,Africa,Operations,Software,B2B,Cash,0.11
TXN0214,2022-09-08,39447,21201,18246,Operations,Africa,IT,Healthcare,B2B,Cash,0.14
TXN0215,2023-12-22,16270,17211,-941,R&D,North America,IT,Healthcare,SMB,PayPal,0.13
TXN0216,2023-08-30,27287,5535,21752,Marketing,Asia-Pacific,Operations,Healthcare,B2B,Cash,0.07
TXN0217,2022-10-31,11301,21433,-10132,Sales,Africa,IT,Software,SMB,Cash,0.27
TXN0218,2022-05-16,43906,8338,35568,Marketing,Asia-Pacific,Sales,Clothing,B2B,PayPal,0.08
TXN0219,2023-02-16,11907,16736,-4829,Operations,Africa,Operations,Software,SMB,Cash,0.11
TXN0220,2023-10-17,8313,15082,-6769,Operations,Europe,IT,Software,B2C,Cash,0.1
TXN0221,2022-02-19,15176,4115,11061,Sales,North America,IT,Furniture,SMB,Credit Card,0.17
TXN0222,2023-10-22,16711,15885,826,HR,Africa,IT,Healthcare,B2B,Credit Card,0.03
TXN0223,2022-05-07,24362,23901,461,R&D,Africa,Finance,Healthcare,B2C,Cash,0.24
TXN0224,2022-07-28,25328,14858,10470,Marketing,North America,IT,Clothing,B2B,Cash,0.15
TXN0225,2023-07-21,7958,27901,-19943,R&D,Europe,Marketing,Healthcare,B2B,Cash,0.02
TXN0226,2022-03-26,14275,9471,4804,R&D,Europe,IT,Furniture,Enterprise,Bank Transfer,0.25
TXN0227,2022-10-25,42320,25474,16846,Operations,Europe,IT,Healthcare,SMB,Cash,0.17
TXN0228,2022-06-17,28345,3785,24560,R&D,North America,HR,Healthcare,B2B,Cash,0.21
TXN0229,2023-11-17,31239,12111,19128,R&D,Africa,HR,Healthcare,B2C,Credit Card,0.24
TXN0230,2023-12-02,9474,22428,-12954,Sales,South America,IT,Healthcare,SMB,Bank Transfer,0.26
TXN0231,2023-11-15,20792,9085,11707,Operations,South America,HR,Electronics,SMB,PayPal,0.25
TXN0232,2022-01-02,42551,13188,29363,R&D,Europe,Operations,Furniture,B2B,Credit Card,0.23
TXN0233,2023-08-27,43971,9427,34544,HR,South America,Sales,Healthcare,B2B,Bank Transfer,0.17
TXN0234,2022-11-04,7661,18442,-10781,Operations,North America,IT,Electronics,SMB,Bank Transfer,0.24
TXN0235,2023-10-08,39768,26413,13355,Sales,Africa,IT,Healthcare,SMB,Cash,0.12
TXN0236,2022-09-25,14387,18240,-3853,Operations,North America,Marketing,Healthcare,B2B,Cash,0.2
TXN0237,2022-04-01,37967,13567,24400,R&D,Africa,Operations,Healthcare,B2C,Bank Transfer,0.29
TXN0238,2022-12-08,13189,29060,-15871,R&D,Africa,IT,Software,Enterprise,Cash,0.04
TXN0239,2022-02-10,18206,14916,3290,Operations,Africa,IT,Electronics,B2C,Cash,0.1
TXN0240,2023-07-26,40873,26027,14846,R&D,Europe,IT,Electronics,SMB,Cash,0.04
TXN0241,2022-08-11,46316,19498,26818,Sales,Africa,Operations,Clothing,SMB,Credit Card,0.01
TXN0242,2023-07-18,21344,26101,-4757,R&D,Africa,Marketing,Clothing,B2C,Bank Transfer,0.01
TXN0243,2023-10-21,46300,18594,27706,Sales,South America,HR,Electronics,B2B,Cash,0.03
TXN0244,2023-12-16,32674,28693,3981,R&D,Europe,HR,Electronics,SMB,Cash,0.01
TXN0245,2022-05-26,31935,3763,28172,R&D,North America,IT,Electronics,SMB,Cash,0.08
TXN0246,2023-10-08,15397,15816,-419,Operations,Asia-Pacific,IT,Software,B2C,Cash,0.16
TXN0247,2022-10-26,24214,15625,8589,Marketing,Africa,Operations,Electronics,SMB,Credit Card,0.09
TXN0248,2023-10-01,12634,13244,-610,Marketing,Asia-Pacific,IT,Healthcare,B2B,Cash,0.25
TXN0249,2022-06-07,6938,21717,-14779,HR,South America,HR,Healthcare,B2B,Cash,0.18
TXN0250,2022-05-19,43004,26383,16621,Sales,Africa,Marketing,Software,SMB,Cash,0.16
TXN0251,2023-07-18,19724,4012,15712,HR,Europe,Marketing,Healthcare,Enterprise,Credit Card,0.01
TXN0252,2023-08-04,46107,4930,41177,HR,Africa,Marketing,Furniture,SMB,Cash,0.25
TXN0253,2022-02-04,10537,25993,-15456,R&D,Africa,IT,Healthcare,SMB,Cash,0.1
TXN0254,2023-04-01,28062,14536,13526,Sales,Europe,Marketing,Healthcare,B2B,Cash,0.11
TXN0255,2023-12-22,42159,29731,12428,Operations,Europe,Finance,Clothing,B2C,Bank Transfer,0.09
TXN0256,2022-02-05,13031,26411,-13380,R&D,Europe,Operations,Software,Enterprise,Bank Transfer,0.16
TXN0257,2023-06-22,38196,17413,20783,R&D,Asia-Pacific,Sales,Clothing,SMB,Credit Card,0.07
TXN0258,2022-05-20,11435,22892,-11457,Operations,Africa,IT,Electronics,Enterprise,Bank Transfer,0.22
TXN0259,2022-04-06,7928,8073,-145,R&D,Africa,Sales,Electronics,Enterprise,Cash,0.26
TXN0260,2023-07-15,30452,23009,7443,R&D,Africa,IT,Software,B2B,Cash,0.21
TXN0261,2023-04-24,27888,29889,-2001,Sales,North America,Finance,Software,SMB,Cash,0.12
TXN0262,2022-01-05,38061,5203,32858,Operations,South America,IT,Healthcare,SMB,Bank Transfer,0.19
TXN0263,2023-06-06,11091,16505,-5414,Operations,Europe,IT,Healthcare,B2C,Cash,0.29
TXN0264,2022-05-09,19880,19375,505,R&D,Europe,IT,Software,B2C,Credit Card,0.13
TXN0265,2023-07-08,5303,14883,-9580,R&D,Africa,Marketing,Software,SMB,Cash,0.13
TXN0266,2023-06-17,22617,14128,8489,R&D,Asia-Pacific,Operations,Clothing,SMB,Cash,0.29
TXN0267,2022-09-12,8710,3356,5354,R&D,Africa,IT,Healthcare,SMB,Cash,0.22
TXN0268,2023-08-15,20926,21123,-197,R&D,Africa,HR,Software,Enterprise,PayPal,0.15
TXN0269,2023-07-03,5346,19654,-14308,R&D,South America,Sales,Healthcare,SMB,Cash,0.23
TXN0270,2022-05-06,6644,20675,-14031,R&D,Africa,Operations,Electronics,SMB,Cash,0.22
TXN0271,2022-04-20,41510,19585,21925,R&D,Africa,HR,Furniture,SMB,Cash,0.28
TXN0272,2022-10-25,9273,26893,-17620,HR,Asia-Pacific,IT,Healthcare,SMB,Credit Card,0.0
TXN0273,2022-03-02,7817,18956,-11139,R&D,Africa,IT,Clothing,SMB,Cash,0.03
TXN0274,2022-06-06,6967,3721,3246,Operations,North America,HR,Healthcare,SMB,Cash,0.12
TXN0275,2023-12-09,5901,5529,372,Operations,Africa,Marketing,Furniture,SMB,Cash,0.01
TXN0276,2022-08-26,40916,29117,11799,Marketing,Africa,Sales,Healthcare,Enterprise,Bank Transfer,0.2
TXN0277,2023-09-11,9317,16852,-7535,R&D,Asia-Pacific,IT,Clothing,B2C,PayPal,0.15
TXN0278,2022-03-05,24416,24607,-191,R&D,Africa,IT,Clothing,B2C,Credit Card,0.2
TXN0279,2023-12-05,27258,22775,4483,HR,Europe,Operations,Healthcare,B2B,Credit Card,0.2
TXN0280,2023-12-11,33489,21866,11623,R&D,Africa,IT,Software,SMB,Bank Transfer,0.26
TXN0281,2023-11-11,45701,25552,20149,R&D,South America,Operations,Software,SMB,Cash,0.21
TXN0282,2023-01-01,12731,6311,6420,Sales,Africa,Sales,Healthcare,SMB,Bank Transfer,0.18
TXN0283,2023-09-16,16416,28524,-12108,Marketing,North America,Sales,Clothing,B2B,Credit Card,0.23
TXN0284,2022-07-09,42285,18981,23304,R&D,Europe,HR,Electronics,B2B,Cash,0.25
TXN0285,2022-04-29,29645,27713,1932,R&D,North America,Sales,Electronics,B2C,PayPal,0.24
TXN0286,2023-11-18,15100,15913,-813,R&D,Asia-Pacific,IT,Healthcare,SMB,Cash,0.14
TXN0287,2023-02-11,18072,16713,1359,Marketing,South America,IT,Clothing,SMB,Cash,0.23
TXN0288,2022-04-21,40296,20339,19957,Operations,Africa,Sales,Electronics,Enterprise,Cash,0.23
TXN0289,2022-07-01,7858,17914,-10056,Sales,Africa,IT,Healthcare,B2C,Bank Transfer,0.25
TXN0290,2023-02-17,23844,13835,10009,Marketing,North America,Sales,Furniture,SMB,Bank Transfer,0.19
TXN0291,2023-11-03,22481,14550,7931,R&D,South America,Marketing,Clothing,Enterprise,Cash,0.06
TXN0292,2022-04-17,27688,17038,10650,Marketing,Africa,IT,Clothing,Enterprise,Bank Transfer,0.17
TXN0293,2022-05-03,36943,14777,22166,HR,Africa,IT,Healthcare,Enterprise,PayPal,0.18
TXN0294,2023-08-26,11036,18004,-6968,R&D,Africa,Marketing,Healthcare,SMB,Cash,0.05
TXN0295,2022-05-27,46764,20314,26450,Marketing,North America,IT,Clothing,SMB,Cash,0.08
TXN0296,2022-03-20,32811,20012,12799,R&D,Africa,IT,Software,SMB,Cash,0.2
TXN0297,2023-01-30,32759,10631,22128,R&D,North America,IT,Healthcare,SMB,Cash,0.1
TXN0298,2023-09-08,27389,6077,21312,Marketing,Africa,Sales,Healthcare,SMB,Bank Transfer,0.24
TXN0299,2023-12-15,15920,10723,5197,Operations,Africa,HR,Furniture,SMB,PayPal,0.15
TXN0300,2023-09-29,22934,17739,5195,R&D,Europe,IT,Software,B2C,Bank Transfer,0.26
TXN0301,2023-04-17,44744,17825,26919,R&D,Europe,IT,Furniture,SMB,Cash,0.02
TXN0302,2022-09-20,7820,20527,-12707,R&D,North America,Sales,Furniture,B2B,Bank Transfer,0.12
TXN0303,2022-10-11,32285,17612,14673,HR,Africa,Marketing,Electronics,B2C,Cash,0.0
TXN0304,2023-03-02,22455,23724,-1269,R&D,Africa,Sales,Healthcare,SMB,Cash,0.16
TXN0305,2022-10-20,46426,4735,41691,Operations,Africa,IT,Electronics,B2C,Cash,0.08
TXN0306,2023-07-06,46468,10345,36123,Marketing,Africa,IT,Electronics,SMB,Credit Card,0.18
TXN0307,2023-12-23,25490,28893,-3403,Marketing,Africa,Marketing,Healthcare,B2B,Credit Card,0.16
TXN0308,2023-02-26,16507,22548,-6041,Operations,Africa,IT,Healthcare,SMB,Credit Card,0.1
TXN0309,2022-07-17,5894,17827,-11933,R&D,North America,IT,Furniture,B2B,Cash,0.02
TXN0310,2023-11-21,39839,14950,24889,R&D,South America,Finance,Clothing,Enterprise,Cash,0.1
TXN0311,2022-12-04,12073,16301,-4228,Operations,Africa,Sales,Healthcare,Enterprise,PayPal,0.1
TXN0312,2022-12-07,37659,24719,12940,R&D,Africa,Sales,Electronics,Enterprise,Credit Card,0.08
TXN0313,2023-12-08,48721,18822,29899,Sales,North America,Marketing,Healthcare,SMB,PayPal,0.03
TXN0314,2023-07-23,38307,12016,26291,HR,Africa,IT,Healthcare,B2C,Cash,0.02
TXN0315,2022-05-01,40766,21603,19163,Operations,North America,Finance,Healthcare,SMB,Bank Transfer,0.0
TXN0316,2022-01-01,6637,18585,-11948,R&D,Africa,IT,Electronics,B2C,Bank Transfer,0.04
TXN0317,2022-02-07,28476,23749,4727,R&D,Europe,Sales,Software,B2B,PayPal,0.08
TXN0318,2023-08-06,7286,22964,-15678,R&D,North America,Sales,Healthcare,B2B,Credit Card,0.01
TXN0319,2023-01-01,26520,12041,14479,Sales,Africa,Sales,Healthcare,B2B,Cash,0.09
TXN0320,2022-11-11,34119,14951,19168,Marketing,Asia-Pacific,Marketing,Healthcare,SMB,Credit Card,0.23
TXN0321,2023-02-05,19503,19983,-480,Operations,North America,IT,Healthcare,B2B,PayPal,0.11
TXN0322,2022-03-27,49983,17546,32437,R&D,Africa,IT,Furniture,B2C,PayPal,0.06
TXN0323,2023-10-14,49172,11766,37406,R&D,Africa,IT,Clothing,Enterprise,Cash,0.12
TXN0324,2022-03-14,16141,23951,-7810,R&D,Africa,Marketing,Electronics,SMB,Bank Transfer,0.27
TXN0325,2023-04-20,31266,20171,11095,R&D,Africa,IT,Electronics,B2C,Bank Transfer,0.01
TXN0326,2022-01-19,18218,10622,7596,R&D,Africa,Finance,Healthcare,Enterprise,Credit Card,0.21
TXN0327,2022-02-13,34329,23156,11173,R&D,Africa,Operations,Healthcare,SMB,PayPal,0.15
TXN0328,2022-07-25,25873,27039,-1166,Marketing,Africa,Finance,Healthcare,SMB,Credit Card,0.11
TXN0329,2022-09-27,13600,12025,1575,HR,South America,Operations,Healthcare,B2B,Bank Transfer,0.08
TXN0330,2023-03-13,11821,28383,-16562,R&D,North America,Marketing,Healthcare,B2C,Cash,0.24
TXN0331,2022-06-24,46899,10869,36030,R&D,North America,Sales,Software,B2B,Cash,0.14
TXN0332,2022-04-02,37734,19813,17921,R&D,Africa,Marketing,Software,B2B,PayPal,0.08
TXN0333,2023-03-21,7581,24038,-16457,Marketing,North America,HR,Healthcare,B2B,Bank Transfer,0.01
TXN0334,2022-11-08,49087,15994,33093,HR,South America,IT,Software,Enterprise,Credit Card,0.29
TXN0335,2022-04-14,19159,11935,7224,HR,Africa,Marketing,Clothing,B2C,Cash,0.23
TXN0336,2023-05-09,25356,13595,11761,HR,Africa,IT,Healthcare,Enterprise,Cash,0.02
TXN0337,2022-01-31,47980,29859,18121,R&D,Africa,Sales,Healthcare,B2B,PayPal,0.26
TXN0338,2023-05-19,11250,27061,-15811,Sales,Europe,HR,Electronics,B2C,Cash,0.27
TXN0339,2023-12-28,6178,27547,-21369,R&D,Africa,IT,Furniture,SMB,PayPal,0.17
TXN0340,2023-04-01,26318,25324,994,R&D,North America,HR,Electronics,SMB,Cash,0.08
TXN0341,2023-12-28,28371,22151,6220,R&D,North America,IT,Healthcare,Enterprise,PayPal,0.08
TXN0342,2023-12-27,32670,6598,26072,Operations,Asia-Pacific,HR,Clothing,B2C,Bank Transfer,0.25
TXN0343,2023-10-24,41002,8654,32348,Marketing,North America,IT,Healthcare,B2B,Credit Card,0.12
TXN0344,2022-12-17,30238,7141,23097,HR,Asia-Pacific,Finance,Electronics,B2B,Cash,0.09
TXN0345,2023-07-21,34873,29646,5227,Sales,North America,IT,Healthcare,B2C,Credit Card,0.25
TXN0346,2022-12-29,11599,11612,-13,R&D,Asia-Pacific,Sales,Electronics,Enterprise,Credit Card,0.12
TXN0347,2022-03-18,48552,27967,20585,Sales,Europe,IT,Healthcare,Enterprise,PayPal,0.04
TXN0348,2022-02-11,28046,10237,17809,Operations,South America,Sales,Clothing,Enterprise,Cash,0.07
TXN0349,2023-11-25,6561,4712,1849,R&D,Africa,IT,Software,SMB,Cash,0.18
TXN0350,2023-10-26,21683,18191,3492,Operations,North America,IT,Software,B2C,PayPal,0.12
TXN0351,2022-12-08,49236,15278,33958,Sales,Africa,Operations,Clothing,B2C,Bank Transfer,0.03
TXN0352,2023-07-29,44177,8961,35216,Sales,South America,Marketing,Electronics,B2B,Credit Card,0.06
TXN0353,2022-04-19,37037,24114,12923,R&D,Europe,Marketing,Electronics,B2B,Credit Card,0.08
TXN0354,2023-09-21,7017,29754,-22737,R&D,South America,IT,Healthcare,SMB,Cash,0.05
TXN0355,2022-02-08,33313,12436,20877,R&D,North America,IT,Healthcare,B2B,Credit Card,0.05
TXN0356,2023-04-25,7783,29961,-22178,R&D,Africa,Sales,Clothing,SMB,Bank Transfer,0.2
TXN0357,2022-07-05,15364,26470,-11106,R&D,North America,Operations,Electronics,Enterprise,Cash,0.27
TXN0358,2022-04-08,25775,20582,5193,HR,Africa,Marketing,Electronics,SMB,Cash,0.01
TXN0359,2023-09-28,15824,6612,9212,R&D,North America,Finance,Healthcare,SMB,Cash,0.27
TXN0360,2022-08-11,39202,11377,27825,R&D,Africa,Marketing,Healthcare,SMB,Credit Card,0.17
TXN0361,2022-06-16,6110,12715,-6605,Marketing,Africa,IT,Electronics,Enterprise,Bank Transfer,0.26
TXN0362,2023-12-23,32088,15183,16905,R&D,Asia-Pacific,IT,Software,SMB,Bank Transfer,0.09
TXN0363,2023-08-10,38033,11797,26236,Sales,Europe,IT,Software,B2B,Credit Card,0.24
TXN0364,2022-11-29,14204,4986,9218,HR,North America,IT,Clothing,B2C,Credit Card,0.29
TXN0365,2023-08-16,32455,4895,27560,Operations,South America,IT,Healthcare,Enterprise,Credit Card,0.09
TXN0366,2023-10-02,18658,22438,-3780,Operations,South America,IT,Clothing,SMB,Cash,0.18
TXN0367,2023-02-20,30073,17323,12750,Sales,Africa,Marketing,Furniture,B2C,Credit Card,0.04
TXN0368,2023-12-24,48621,4709,43912,Sales,Africa,Marketing,Clothing,SMB,Bank Transfer,0.06
TXN0369,2022-01-24,26402,24528,1874,R&D,Asia-Pacific,Sales,Healthcare,SMB,Bank Transfer,0.2
TXN0370,2023-03-08,34654,7196,27458,Sales,North America,Operations,Healthcare,SMB,Bank Transfer,0.03
TXN0371,2023-08-07,15319,15615,-296,R&D,Europe,Finance,Clothing,B2C,Bank Transfer,0.2
TXN0372,2022-08-29,39959,13799,26160,R&D,South America,IT,Electronics,B2C,Cash,0.22
TXN0373,2023-05-28,6633,8291,-1658,R&D,South America,IT,Software,B2C,Bank Transfer,0.27
TXN0374,2023-01-14,11403,3973,7430,R&D,Europe,Operations,Software,B2B,Cash,0.11
TXN0375,2022-10-22,12312,20198,-7886,R&D,North America,Operations,Furniture,B2B,Cash,0.0
TXN0376,2022-10-05,41073,22593,18480,Operations,Europe,HR,Furniture,B2C,Cash,0.07
TXN0377,2023-11-15,20258,5172,15086,Operations,Africa,Sales,Healthcare,SMB,Credit Card,0.03
TXN0378,2022-07-04,43937,8767,35170,R&D,Africa,Operations,Furniture,B2C,Cash,0.01
TXN0379,2022-10-31,29904,4697,25207,R&D,Africa,IT,Clothing,B2B,PayPal,0.22
TXN0380,2023-11-09,34777,26797,7980,Marketing,Africa,Sales,Electronics,B2B,Credit Card,0.22
TXN0381,2023-11-23,31703,25613,6090,HR,Africa,Sales,Healthcare,SMB,Cash,0.04
TXN0382,2022-09-03,28880,18679,10201,R&D,North America,IT,Clothing,SMB,Cash,0.03
TXN0383,2022-10-23,16604,6622,9982,HR,Africa,IT,Furniture,B2B,Cash,0.06
TXN0384,2022-02-09,9053,18917,-9864,Operations,Africa,IT,Electronics,SMB,Credit Card,0.16
TXN0385,2022-03-21,6967,28079,-21112,Sales,Europe,HR,Electronics,Enterprise,PayPal,0.2
TXN0386,2022-02-12,41742,12263,29479,Marketing,North America,IT,Electronics,SMB,Credit Card,0.24
TXN0387,2023-12-26,15483,8089,7394,R&D,North America,IT,Healthcare,B2C,Bank Transfer,0.04
TXN0388,2022-07-27,16225,14413,1812,HR,North America,Sales,Healthcare,B2C,Credit Card,0.26
TXN0389,2022-09-06,36911,6495,30416,Sales,Africa,Sales,Electronics,Enterprise,PayPal,0.25
TXN0390,2022-03-18,17035,18167,-1132,R&D,South America,IT,Software,SMB,Credit Card,0.05
TXN0391,2023-02-21,27445,19843,7602,HR,Europe,IT,Healthcare,B2C,PayPal,0.24
TXN0392,2023-10-24,8446,9698,-1252,Marketing,North America,Marketing,Clothing,B2B,Cash,0.24
TXN0393,2023-02-27,9464,16084,-6620,Marketing,Africa,IT,Healthcare,B2B,Cash,0.26
TXN0394,2023-03-09,14113,7089,7024,R&D,Asia-Pacific,Sales,Healthcare,SMB,Bank Transfer,0.16
TXN0395,2023-09-26,34697,14119,20578,Operations,Africa,IT,Software,B2B,Credit Card,0.16
TXN0396,2022-11-01,46512,3076,43436,R&D,South America,HR,Healthcare,B2B,Bank Transfer,0.14
TXN0397,2022-01-16,40503,4764,35739,R&D,Africa,IT,Healthcare,Enterprise,Bank Transfer,0.15
TXN0398,2023-07-11,29660,4209,25451,Operations,South America,Finance,Healthcare,SMB,Bank Transfer,0.16
TXN0399,2022-12-16,30232,10587,19645,Marketing,Europe,Finance,Healthcare,SMB,Cash,0.21
TXN0400,2023-06-01,35861,29178,6683,Marketing,South America,IT,Healthcare,SMB,Credit Card,0.22
TXN0401,2023-05-04,40573,10244,30329,R&D,Africa,IT,Clothing,SMB,Cash,0.11
TXN0402,2023-03-25,49855,25691,24164,R&D,Africa,Operations,Software,SMB,Cash,0.21
TXN0403,2022-12-01,17273,20390,-3117,Sales,North America,Finance,Furniture,Enterprise,Credit Card,0.19
TXN0404,2023-05-25,26335,29447,-3112,R&D,Africa,Operations,Electronics,SMB,Cash,0.02
TXN0405,2022-07-14,20550,19967,583,R&D,Africa,Sales,Electronics,SMB,Credit Card,0.09
TXN0406,2022-11-26,6368,11939,-5571,Sales,Europe,Operations,Clothing,B2C,Cash,0.26
TXN0407,2022-03-16,7027,25383,-18356,Marketing,Europe,Sales,Healthcare,SMB,Cash,0.07
TXN0408,2023-11-19,25907,27993,-2086,R&D,Africa,HR,Electronics,SMB,Cash,0.06
TXN0409,2022-03-24,12674,5578,7096,Marketing,South America,Marketing,Healthcare,B2B,Credit Card,0.18
TXN0410,2022-11-01,38806,17471,21335,R&D,Africa,HR,Software,Enterprise,Cash,0.05
TXN0411,2022-06-27,28561,9263,19298,Sales,South America,IT,Software,B2B,Bank Transfer,0.15
TXN0412,2023-12-17,32434,5896,26538,R&D,North America,IT,Healthcare,SMB,Bank Transfer,0.14
TXN0413,2023-09-21,25732,8524,17208,R&D,Europe,IT,Healthcare,B2B,Credit Card,0.25
TXN0414,2022-02-09,19282,9961,9321,Sales,Africa,IT,Software,B2C,Credit Card,0.06
TXN0415,2022-03-13,48990,3694,45296,R&D,Africa,IT,Healthcare,SMB,Bank Transfer,0.18
TXN0416,2023-04-06,35380,27026,8354,R&D,North America,Sales,Electronics,SMB,PayPal,0.13
TXN0417,2022-09-24,23500,22183,1317,R&D,South America,IT,Electronics,B2C,Bank Transfer,0.06
TXN0418,2022-09-01,45653,14138,31515,Sales,Europe,Operations,Software,SMB,Credit Card,0.18
TXN0419,2022-06-11,42908,6443,36465,R&D,Asia-Pacific,Marketing,Electronics,B2C,Cash,0.06
TXN0420,2022-07-28,17934,9890,8044,Marketing,Africa,IT,Software,B2B,Credit Card,0.19
TXN0421,2022-10-21,16122,28870,-12748,Operations,South America,IT,Software,SMB,Credit Card,0.14
TXN0422,2022-03-09,33213,21547,11666,Marketing,Africa,Marketing,Healthcare,B2C,Cash,0.0
TXN0423,2022-04-14,14157,25528,-11371,R&D,North America,IT,Electronics,SMB,Credit Card,0.27
TXN0424,2022-05-13,46733,19132,27601,R&D,Europe,Operations,Software,SMB,Cash,0.22
TXN0425,2023-08-03,8364,28149,-19785,R&D,North America,Finance,Clothing,B2C,Credit Card,0.09
TXN0426,2022-09-01,36196,12701,23495,HR,Africa,Sales,Software,SMB,Cash,0.07
TXN0427,2022-07-30,15987,20809,-4822,R&D,Africa,IT,Healthcare,SMB,Cash,0.08
TXN0428,2022-02-14,41014,21386,19628,Sales,Europe,Marketing,Furniture,B2B,Cash,0.18
TXN0429,2023-07-07,8416,3970,4446,Operations,Europe,IT,Electronics,B2B,Credit Card,0.24
TXN0430,2022-06-12,8492,22508,-14016,Marketing,Africa,IT,Software,B2B,Bank Transfer,0.13
TXN0431,2023-05-15,33474,28147,5327,R&D,Asia-Pacific,Finance,Electronics,B2C,Bank Transfer,0.09
TXN0432,2022-11-23,28502,3954,24548,R&D,North America,IT,Electronics,B2C,Cash,0.13
TXN0433,2022-10-28,30059,19240,10819,R&D,Asia-Pacific,Finance,Clothing,SMB,PayPal,0.05
TXN0434,2023-12-27,33904,9028,24876,HR,North America,Finance,Furniture,B2B,Cash,0.19
TXN0435,2022-06-21,46378,7699,38679,R&D,South America,Finance,Software,SMB,Cash,0.13
TXN0436,2023-12-07,49969,21285,28684,HR,South America,IT,Software,SMB,Cash,0.24
TXN0437,2022-04-03,9662,17475,-7813,HR,North America,IT,Clothing,B2B,PayPal,0.22
TXN0438,2023-05-24,23067,21643,1424,R&D,Africa,Sales,Electronics,Enterprise,Cash,0.08
TXN0439,2023-01-02,44257,22442,21815,HR,Africa,IT,Healthcare,B2B,Cash,0.16
TXN0440,2023-11-13,9194,21648,-12454,Marketing,Africa,Finance,Software,Enterprise,Bank Transfer,0.08
TXN0441,2023-09-20,42211,7610,34601,HR,Africa,IT,Healthcare,B2B,PayPal,0.07
TXN0442,2022-11-26,19108,28463,-9355,Sales,North America,Operations,Clothing,SMB,Cash,0.04
TXN0443,2023-11-17,25389,25945,-556,Sales,Africa,IT,Electronics,B2B,Cash,0.22
TXN0444,2022-12-25,7506,27670,-20164,R&D,Africa,IT,Clothing,B2B,PayPal,0.01
TXN0445,2022-06-22,11497,14870,-3373,Marketing,Africa,Marketing,Healthcare,B2B,Cash,0.29
TXN0446,2022-09-01,35422,14285,21137,R&D,Africa,IT,Software,SMB,PayPal,0.22
TXN0447,2022-05-15,5077,19706,-14629,HR,Africa,IT,Electronics,B2C,Bank Transfer,0.18
TXN0448,2022-04-16,8516,13452,-4936,Marketing,Africa,IT,Healthcare,SMB,Credit Card,0.18
TXN0449,2022-09-12,40610,18460,22150,Marketing,North America,Marketing,Healthcare,SMB,Bank Transfer,0.19
TXN0450,2023-03-23,48578,28502,20076,Sales,Europe,IT,Healthcare,B2B,PayPal,0.02
TXN0451,2023-03-10,40723,29590,11133,Sales,Asia-Pacific,IT,Clothing,B2B,Bank Transfer,0.02
TXN0452,2023-11-05,27866,14205,13661,Sales,Asia-Pacific,HR,Healthcare,SMB,Bank Transfer,0.02
TXN0453,2022-12-10,37905,24148,13757,R&D,South America,IT,Furniture,SMB,Cash,0.23
TXN0454,2022-05-12,42931,6619,36312,Operations,North America,IT,Healthcare,B2C,Cash,0.01
TXN0455,2022-03-09,36633,8748,27885,HR,Europe,IT,Healthcare,B2C,Credit Card,0.19
TXN0456,2023-03-09,25967,21391,4576,Sales,Africa,IT,Healthcare,B2C,Credit Card,0.22
TXN0457,2023-06-02,31614,15291,16323,Operations,Africa,Sales,Clothing,SMB,Cash,0.24
TXN0458,2023-08-09,9542,3723,5819,R&D,Africa,Finance,Electronics,SMB,PayPal,0.12
TXN0459,2022-11-04,36726,4676,32050,R&D,Africa,Sales,Software,B2B,Cash,0.24
TXN0460,2023-12-19,18704,10644,8060,R&D,Europe,Operations,Furniture,SMB,Credit Card,0.21
TXN0461,2022-09-16,35247,29037,6210,R&D,North America,Marketing,Healthcare,B2B,Bank Transfer,0.06
TXN0462,2022-01-22,17313,24255,-6942,Marketing,Africa,HR,Healthcare,B2B,Bank Transfer,0.04
TXN0463,2022-07-22,29447,8103,21344,Marketing,Asia-Pacific,Finance,Healthcare,B2B,Cash,0.23
TXN0464,2022-05-15,40934,25531,15403,Marketing,North America,HR,Healthcare,SMB,Cash,0.06
TXN0465,2022-09-17,46309,24484,21825,Operations,North America,IT,Software,B2B,Cash,0.27
TXN0466,2022-11-16,6732,27226,-20494,HR,Africa,Finance,Healthcare,SMB,Cash,0.02
TXN0467,2022-02-19,23095,17521,5574,Sales,Africa,Marketing,Software,Enterprise,Cash,0.24
TXN0468,2022-11-28,19186,16038,3148,Marketing,Africa,HR,Healthcare,SMB,Credit Card,0.03
TXN0469,2022-08-24,9511,23622,-14111,Sales,North America,IT,Clothing,Enterprise,PayPal,0.13
TXN0470,2023-12-08,6494,7502,-1008,Sales,Africa,Marketing,Clothing,B2C,Credit Card,0.04
TXN0471,2023-12-24,20756,17617,3139,R&D,Africa,Operations,Clothing,B2B,Bank Transfer,0.06
TXN0472,2022-11-13,45325,10855,34470,HR,Asia-Pacific,Operations,Healthcare,Enterprise,Bank Transfer,0.13
TXN0473,2022-11-04,11986,21902,-9916,Sales,North America,Finance,Healthcare,Enterprise,Bank Transfer,0.2
TXN0474,2022-03-08,46802,27203,19599,Marketing,Africa,IT,Furniture,SMB,Credit Card,0.26
TXN0475,2023-02-26,38299,8846,29453,R&D,Asia-Pacific,Sales,Healthcare,B2C,Cash,0.11
TXN0476,2023-01-12,7614,5107,2507,Marketing,Africa,IT,Clothing,B2C,Cash,0.04
TXN0477,2023-03-31,41933,12650,29283,Operations,North America,Marketing,Software,B2C,Cash,0.02
TXN0478,2022-05-25,17235,6575,10660,Sales,Africa,Sales,Electronics,B2B,Cash,0.27
TXN0479,2022-08-23,30404,6244,24160,R&D,North America,Finance,Healthcare,SMB,Cash,0.1
TXN0480,2023-09-19,31034,13034,18000,R&D,South America,HR,Healthcare,B2B,PayPal,0.2
TXN0481,2023-04-15,27294,12419,14875,R&D,Asia-Pacific,IT,Clothing,B2B,Bank Transfer,0.1
TXN0482,2022-12-11,26326,19948,6378,Sales,Africa,Finance,Clothing,SMB,Cash,0.0
TXN0483,2023-06-24,14184,18198,-4014,R&D,Africa,IT,Software,B2B,PayPal,0.01
TXN0484,2022-08-27,28491,6468,22023,Sales,Africa,HR,Healthcare,SMB,Credit Card,0.27
TXN0485,2022-04-21,43717,7130,36587,Sales,South America,Operations,Healthcare,B2B,Cash,0.19
TXN0486,2023-04-03,8063,11448,-3385,R&D,Africa,Operations,Electronics,Enterprise,Cash,0.1
TXN0487,2022-10-10,27352,14718,12634,R&D,North America,Sales,Healthcare,SMB,Bank Transfer,0.08
TXN0488,2022-07-07,45550,10422,35128,Sales,Africa,Operations,Clothing,B2B,PayPal,0.24
TXN0489,2023-01-18,7714,27716,-20002,HR,Asia-Pacific,Sales,Clothing,Enterprise,Credit Card,0.15
TXN0490,2023-03-29,37521,19273,18248,HR,Asia-Pacific,IT,Electronics,Enterprise,Credit Card,0.04
TXN0491,2023-10-17,39845,6180,33665,Operations,Europe,IT,Healthcare,Enterprise,Cash,0.25
TXN0492,2023-08-20,34647,10808,23839,HR,Africa,HR,Software,SMB,Credit Card,0.14
TXN0493,2023-11-04,33180,12605,20575,Operations,Europe,Operations,Healthcare,SMB,Credit Card,0.26
TXN0494,2022-04-25,5770,29333,-23563,R&D,Africa,HR,Clothing,SMB,Credit Card,0.25
TXN0495,2023-07-16,39206,8566,30640,Sales,Asia-Pacific,IT,Furniture,B2C,PayPal,0.21
TXN0496,2023-04-05,29063,12512,16551,Marketing,Europe,Marketing,Healthcare,SMB,PayPal,0.01
TXN0497,2023-12-24,31160,20726,10434,Marketing,Africa,Operations,Software,SMB,Cash,0.04
TXN0498,2023-11-13,31065,27810,3255,R&D,Africa,Marketing,Clothing,B2B,Cash,0.27
TXN0499,2023-07-14,40766,5166,35600,R&D,North America,IT,Software,SMB,Cash,0.07
TXN0500,2022-01-01,37717,17054,20663,R&D,Asia-Pacific,Finance,Electronics,B2C,Cash,0.14
TXN0501,2022-11-06,25455,21119,4336,Sales,Africa,Marketing,Software,B2C,Bank Transfer,0.21
TXN0502,2022-06-29,30045,8011,22034,Operations,Africa,IT,Electronics,SMB,PayPal,0.05
TXN0503,2022-10-24,13051,11878,1173,R&D,North America,Sales,Software,SMB,Cash,0.01
TXN0504,2022-11-20,21988,17960,4028,Marketing,Africa,Operations,Healthcare,SMB,Credit Card,0.15
TXN0505,2023-02-09,29188,24624,4564,R&D,Africa,IT,Healthcare,SMB,Cash,0.19
TXN0506,2022-04-08,22033,7808,14225,R&D,Europe,Operations,Software,SMB,Credit Card,0.02
TXN0507,2022-07-28,7527,8911,-1384,Marketing,Europe,Marketing,Software,SMB,Bank Transfer,0.13
TXN0508,2023-10-12,33578,22796,10782,R&D,North America,Sales,Electronics,B2C,PayPal,0.18
TXN0509,2022-10-15,39400,18756,20644,Marketing,Asia-Pacific,IT,Software,B2B,Credit Card,0.17
TXN0510,2023-01-31,26280,13227,13053,R&D,Africa,Marketing,Healthcare,Enterprise,Cash,0.23
TXN0511,2023-04-19,27959,19050,8909,R&D,Africa,IT,Electronics,SMB,Credit Card,0.03
TXN0512,2022-03-26,23712,12313,11399,Operations,North America,HR,Electronics,SMB,PayPal,0.18
TXN0513,2022-10-20,12128,4936,7192,Marketing,Asia-Pacific,IT,Furniture,SMB,Cash,0.01
TXN0514,2023-08-26,10268,25942,-15674,R&D,Europe,Finance,Healthcare,B2B,Cash,0.07
TXN0515,2022-12-21,49552,9901,39651,R&D,South America,IT,Clothing,B2C,Cash,0.2
TXN0516,2022-12-12,45119,25759,19360,R&D,North America,HR,Furniture,B2C,Cash,0.18
TXN0517,2022-08-01,6662,11752,-5090,Sales,Africa,Finance,Software,B2B,Cash,0.11
TXN0518,2023-01-26,36839,3767,33072,R&D,Africa,IT,Healthcare,B2B,Cash,0.18
TXN0519,2022-10-03,42979,8469,34510,Marketing,North America,IT,Healthcare,SMB,Credit Card,0.21
TXN0520,2022-04-12,28843,4463,24380,HR,South America,Finance,Furniture,B2C,Cash,0.09
TXN0521,2023-07-19,12242,6786,5456,R&D,North America,Marketing,Healthcare,B2B,PayPal,0.08
TXN0522,2022-05-20,6096,5839,257,HR,Africa,IT,Healthcare,B2C,Cash,0.09
TXN0523,2023-12-24,21791,29079,-7288,R&D,Asia-Pacific,IT,Electronics,B2B,PayPal,0.29
TXN0524,2023-08-23,32032,11112,20920,Sales,Africa,Operations,Electronics,SMB,Cash,0.06
TXN0525,2023-06-05,34486,22536,11950,HR,Africa,IT,Electronics,B2C,Credit Card,0.2
TXN0526,2022-12-03,16231,9312,6919,Marketing,Africa,Finance,Healthcare,B2C,Cash,0.05
TXN0527,2022-11-07,15885,12344,3541,R&D,Africa,HR,Healthcare,SMB,Bank Transfer,0.0
TXN0528,2023-01-04,34382,27128,7254,Sales,Africa,Marketing,Healthcare,B2B,Credit Card,0.07
TXN0529,2023-08-10,34115,7511,26604,R&D,Africa,IT,Software,SMB,Cash,0.19
TXN0530,2023-06-09,10322,3197,7125,Operations,South America,Sales,Electronics,Enterprise,Credit Card,0.1
TXN0531,2022-08-07,36717,27640,9077,Sales,South America,Marketing,Clothing,B2C,Bank Transfer,0.17
TXN0532,2023-11-30,44145,17482,26663,R&D,North America,Sales,Software,Enterprise,Bank Transfer,0.03
TXN0533,2023-08-03,39080,10595,28485,R&D,Europe,Operations,Clothing,SMB,Cash,0.19
TXN0534,2022-11-07,45095,23526,21569,Marketing,Africa,Operations,Electronics,B2C,Credit Card,0.03
TXN0535,2023-08-31,13767,10659,3108,Marketing,Asia-Pacific,Operations,Healthcare,SMB,Cash,0.28
TXN0536,2022-11-13,7541,3565,3976,Sales,North America,Sales,Clothing,SMB,Cash,0.01
TXN0537,2023-12-22,25126,24331,795,R&D,North America,Sales,Healthcare,SMB,Cash,0.26
TXN0538,2022-09-12,42677,27544,15133,Marketing,Asia-Pacific,IT,Electronics,B2C,Credit Card,0.27
TXN0539,2022-03-27,6556,4193,2363,Sales,South America,Finance,Healthcare,B2B,Bank Transfer,0.22
TXN0540,2022-07-29,34639,11275,23364,HR,Africa,IT,Healthcare,SMB,Credit Card,0.2
TXN0541,2023-05-26,7024,5177,1847,R&D,North America,HR,Healthcare,B2B,Bank Transfer,0.12
TXN0542,2023-05-27,13229,29343,-16114,HR,Europe,IT,Clothing,B2C,Cash,0.28
TXN0543,2023-10-23,27466,6292,21174,Sales,North America,Marketing,Software,SMB,PayPal,0.08
TXN0544,2022-07-24,39534,27159,12375,Operations,Asia-Pacific,Operations,Clothing,SMB,Cash,0.26
TXN0545,2022-05-14,10388,20736,-10348,R&D,Africa,IT,Software,Enterprise,Cash,0.22
TXN0546,2023-07-25,12106,17767,-5661,Operations,South America,Finance,Clothing,SMB,Cash,0.28
TXN0547,2023-11-05,17846,12356,5490,Sales,North America,IT,Healthcare,SMB,Cash,0.27
TXN0548,2023-12-12,23335,10349,12986,Marketing,Africa,Operations,Electronics,B2B,Bank Transfer,0.28
TXN0549,2023-12-27,15101,24352,-9251,R&D,Africa,Marketing,Electronics,Enterprise,Cash,0.25
TXN0550,2023-01-26,9243,22425,-13182,R&D,Africa,Sales,Furniture,B2C,PayPal,0.18
TXN0551,2023-01-20,37600,20934,16666,R&D,Europe,Operations,Furniture,B2C,Cash,0.15
TXN0552,2023-07-11,29978,24331,5647,Operations,Africa,IT,Healthcare,SMB,Cash,0.2
TXN0553,2022-04-17,46078,9185,36893,Sales,Africa,IT,Healthcare,SMB,Cash,0.15
TXN0554,2023-07-23,32164,25412,6752,Sales,Africa,IT,Electronics,B2C,Bank Transfer,0.1
TXN0555,2023-10-05,17021,9130,7891,Marketing,Africa,Finance,Electronics,Enterprise,Cash,0.14
TXN0556,2023-04-25,9411,16549,-7138,R&D,Africa,Marketing,Clothing,B2B,Credit Card,0.24
TXN0557,2023-12-31,9513,27616,-18103,R&D,Africa,IT,Healthcare,SMB,Cash,0.18
TXN0558,2023-07-06,38252,14147,24105,R&D,Africa,Marketing,Electronics,B2C,Cash,0.07
TXN0559,2023-09-18,16462,3966,12496,Marketing,Asia-Pacific,IT,Software,SMB,Credit Card,0.1
TXN0560,2023-09-02,7595,3109,4486,R&D,South America,Operations,Electronics,Enterprise,Credit Card,0.0
TXN0561,2022-04-12,30178,14043,16135,Operations,South America,IT,Healthcare,Enterprise,Cash,0.23
TXN0562,2022-01-05,33890,8711,25179,Sales,Africa,Marketing,Electronics,SMB,Cash,0.28
TXN0563,2022-08-29,31313,18432,12881,R&D,Africa,IT,Software,SMB,Bank Transfer,0.08
TXN0564,2022-01-05,41055,9570,31485,R&D,South America,IT,Furniture,B2B,Cash,0.19
TXN0565,2023-04-15,19627,25150,-5523,R&D,Asia-Pacific,IT,Clothing,B2B,Cash,0.2
TXN0566,2023-11-15,34970,20028,14942,Marketing,North America,Operations,Clothing,SMB,Cash,0.22
TXN0567,2022-01-25,29473,27342,2131,R&D,Africa,IT,Healthcare,SMB,Cash,0.23
TXN0568,2022-11-16,17340,18863,-1523,Marketing,North America,Sales,Electronics,SMB,Cash,0.22
TXN0569,2023-07-08,42768,18988,23780,R&D,South America,Sales,Healthcare,B2B,PayPal,0.06
TXN0570,2023-01-08,45235,29078,16157,Sales,North America,IT,Clothing,B2C,Credit Card,0.21
TXN0571,2022-02-24,30652,28500,2152,Marketing,Africa,Operations,Software,B2C,Credit Card,0.16
TXN0572,2022-06-22,6600,3409,3191,Marketing,Asia-Pacific,Finance,Healthcare,B2C,PayPal,0.03
TXN0573,2023-11-14,46167,29619,16548,Sales,Europe,IT,Healthcare,Enterprise,Cash,0.25
TXN0574,2023-04-17,5284,11772,-6488,R&D,Africa,IT,Clothing,B2C,Credit Card,0.14
TXN0575,2022-12-10,43026,12720,30306,R&D,South America,Sales,Clothing,SMB,Cash,0.2
TXN0576,2023-04-23,17518,27728,-10210,Operations,Africa,Marketing,Electronics,SMB,Credit Card,0.15
TXN0577,2022-12-31,16448,25823,-9375,Operations,South America,IT,Healthcare,SMB,Cash,0.29
TXN0578,2023-05-01,27586,25555,2031,R&D,Asia-Pacific,Marketing,Electronics,SMB,Cash,0.16
TXN0579,2023-01-28,6797,19935,-13138,Sales,Africa,Marketing,Healthcare,SMB,PayPal,0.24
TXN0580,2022-08-24,23371,9283,14088,Marketing,North America,IT,Healthcare,SMB,Cash,0.27
TXN0581,2022-05-05,34886,15273,19613,HR,Asia-Pacific,Sales,Healthcare,B2B,Cash,0.08
TXN0582,2023-11-13,27007,10216,16791,R&D,Africa,IT,Healthcare,B2B,Cash,0.29
TXN0583,2023-04-01,10217,3045,7172,R&D,South America,IT,Software,SMB,Cash,0.07
TXN0584,2022-05-16,15474,3356,12118,Marketing,Africa,Marketing,Healthcare,Enterprise,Credit Card,0.11
TXN0585,2023-10-06,15920,15963,-43,Sales,South America,HR,Healthcare,SMB,Cash,0.22
TXN0586,2023-09-11,20490,6094,14396,Operations,Asia-Pacific,Marketing,Furniture,B2C,PayPal,0.16
TXN0587,2023-07-20,29266,12316,16950,Sales,Africa,HR,Software,Enterprise,Cash,0.22
TXN0588,2023-01-06,43050,14243,28807,HR,Europe,IT,Healthcare,SMB,Bank Transfer,0.19
TXN0589,2023-01-12,5425,3552,1873,R&D,Asia-Pacific,IT,Software,SMB,Cash,0.17
TXN0590,2022-06-23,27096,14652,12444,Operations,Africa,Operations,Software,SMB,Credit Card,0.28
TXN0591,2023-10-31,8180,29409,-21229,HR,Europe,IT,Clothing,SMB,Credit Card,0.03
TXN0592,2023-07-15,21134,15004,6130,Marketing,Asia-Pacific,IT,Electronics,SMB,Cash,0.28
TXN0593,2023-01-28,40051,19176,20875,R&D,Africa,Finance,Healthcare,SMB,Cash,0.16
TXN0594,2023-08-26,26259,11060,15199,R&D,Africa,Operations,Electronics,B2C,Bank Transfer,0.2
TXN0595,2023-08-08,34953,25229,9724,HR,Europe,Operations,Electronics,SMB,PayPal,0.29
TXN0596,2023-02-17,30561,5945,24616,R&D,Africa,Sales,Electronics,B2C,Cash,0.1
TXN0597,2023-02-27,34123,27054,7069,Operations,Africa,IT,Clothing,SMB,Cash,0.05
TXN0598,2023-08-09,8064,11497,-3433,Sales,Asia-Pacific,Sales,Software,Enterprise,Cash,0.08
TXN0599,2023-01-05,19553,23294,-3741,R&D,Asia-Pacific,IT,Clothing,SMB,Bank Transfer,0.07
TXN0600,2022-03-30,5802,5763,39,Operations,Africa,IT,Healthcare,SMB,Credit Card,0.28
TXN0601,2023-05-04,24883,22531,2352,R&D,Africa,Finance,Clothing,B2B,Cash,0.25
TXN0602,2022-01-26,8865,26262,-17397,R&D,North America,Operations,Healthcare,B2C,Cash,0.28
TXN0603,2023-07-11,23965,25339,-1374,Sales,Africa,Operations,Software,SMB,Cash,0.2
TXN0604,2022-12-30,41456,19748,21708,HR,Africa,Marketing,Software,B2B,Bank Transfer,0.24
TXN0605,2022-06-25,30518,9027,21491,Marketing,Africa,Marketing,Healthcare,Enterprise,Cash,0.14
TXN0606,2022-05-28,16045,14622,1423,Sales,Europe,Sales,Electronics,Enterprise,Cash,0.24
TXN0607,2023-01-19,44645,23995,20650,Sales,Africa,IT,Electronics,Enterprise,Cash,0.07
TXN0608,2023-06-22,18764,7029,11735,HR,Africa,Sales,Software,SMB,Cash,0.12
TXN0609,2023-08-25,24045,16828,7217,Marketing,Asia-Pacific,IT,Clothing,Enterprise,Credit Card,0.2
TXN0610,2022-12-24,26033,5675,20358,Marketing,Asia-Pacific,Sales,Healthcare,SMB,Credit Card,0.15
TXN0611,2022-07-10,37227,23188,14039,Sales,Africa,Finance,Healthcare,SMB,Credit Card,0.07
TXN0612,2022-09-15,27447,8725,18722,Operations,North America,Operations,Software,SMB,Cash,0.08
TXN0613,2023-05-22,15443,7848,7595,Operations,Africa,Marketing,Software,B2B,Cash,0.15
TXN0614,2022-05-02,38119,8195,29924,Marketing,Africa,Operations,Healthcare,SMB,Bank Transfer,0.19
TXN0615,2022-01-31,40483,9986,30497,HR,Africa,IT,Clothing,B2C,Cash,0.11
TXN0616,2022-08-23,37288,6338,30950,R&D,South America,IT,Software,SMB,Credit Card,0.06
TXN0617,2023-07-17,13642,13770,-128,Sales,Africa,IT,Furniture,B2B,Bank Transfer,0.18
TXN0618,2022-12-09,12354,3763,8591,HR,Africa,IT,Electronics,Enterprise,PayPal,0.21
TXN0619,2023-05-10,31666,26653,5013,Operations,Africa,IT,Furniture,SMB,Cash,0.2
TXN0620,2022-12-15,24609,4525,20084,Operations,Europe,IT,Furniture,Enterprise,PayPal,0.26
TXN0621,2023-03-09,33952,7868,26084,Operations,Africa,IT,Electronics,SMB,Credit Card,0.26
TXN0622,2022-07-21,24770,26797,-2027,Sales,North America,IT,Furniture,Enterprise,PayPal,0.28
TXN0623,2023-08-24,5488,21334,-15846,R&D,Africa,Sales,Electronics,SMB,Credit Card,0.03
TXN0624,2022-03-22,22737,4098,18639,R&D,Africa,Marketing,Healthcare,B2C,Cash,0.09
TXN0625,2022-04-09,43467,11929,31538,HR,North America,Finance,Software,SMB,Bank Transfer,0.18
TXN0626,2023-08-20,44681,27365,17316,Sales,Europe,Sales,Clothing,Enterprise,Cash,0.13
TXN0627,2022-07-25,37201,14655,22546,Marketing,Asia-Pacific,Marketing,Healthcare,B2C,PayPal,0.0
TXN0628,2022-11-21,29644,27076,2568,R&D,North America,IT,Electronics,SMB,Cash,0.0
TXN0629,2022-10-28,40223,28171,12052,Operations,Europe,HR,Electronics,SMB,Cash,0.19
TXN0630,2022-09-15,21977,22767,-790,R&D,Asia-Pacific,Marketing,Healthcare,SMB,Credit Card,0.26
TXN0631,2023-11-09,9247,16348,-7101,Sales,North America,HR,Healthcare,B2B,Cash,0.1
TXN0632,2023-11-12,45002,5961,39041,Sales,Africa,IT,Electronics,B2B,Cash,0.18
TXN0633,2022-03-16,9012,5994,3018,HR,Asia-Pacific,Finance,Electronics,B2B,Cash,0.11
TXN0634,2023-04-24,32999,7428,25571,Sales,Africa,Operations,Software,B2B,Bank Transfer,0.29
TXN0635,2023-10-04,10618,18745,-8127,Marketing,Africa,IT,Healthcare,Enterprise,Cash,0.24
TXN0636,2022-11-24,22985,5132,17853,R&D,Africa,Sales,Software,SMB,Cash,0.09
TXN0637,2023-10-20,19987,9918,10069,R&D,Africa,HR,Electronics,SMB,Bank Transfer,0.28
TXN0638,2022-01-04,42469,29271,13198,Marketing,North America,Finance,Software,Enterprise,Credit Card,0.21
TXN0639,2022-12-04,6057,12323,-6266,R&D,Asia-Pacific,HR,Electronics,B2C,PayPal,0.11
TXN0640,2022-09-05,30172,5957,24215,Operations,Europe,Operations,Healthcare,Enterprise,Cash,0.28
TXN0641,2022-08-15,24417,18100,6317,R&D,Africa,HR,Healthcare,SMB,Cash,0.11
TXN0642,2022-04-18,13855,22745,-8890,Marketing,Africa,IT,Software,B2B,Cash,0.13
TXN0643,2022-12-14,23678,16417,7261,Marketing,Africa,Sales,Clothing,Enterprise,Credit Card,0.17
TXN0644,2022-06-05,17091,17742,-651,R&D,Africa,Marketing,Electronics,B2B,PayPal,0.25
TXN0645,2023-02-26,31110,26688,4422,Marketing,North America,Finance,Healthcare,Enterprise,Bank Transfer,0.05
TXN0646,2023-02-20,30073,13936,16137,Sales,North America,Finance,Healthcare,SMB,Cash,0.18
TXN0647,2023-11-30,15461,19032,-3571,HR,Africa,IT,Healthcare,Enterprise,Cash,0.13
TXN0648,2023-07-06,6317,21402,-15085,R&D,Europe,Sales,Software,SMB,PayPal,0.29
TXN0649,2023-04-18,40787,16610,24177,R&D,North America,Sales,Clothing,B2C,Cash,0.27
TXN0650,2022-11-27,45161,13084,32077,HR,Africa,Finance,Healthcare,SMB,Cash,0.09
TXN0651,2023-04-03,10847,24133,-13286,R&D,North America,HR,Furniture,Enterprise,Bank Transfer,0.06
TXN0652,2022-05-26,21641,24972,-3331,Marketing,Africa,IT,Electronics,SMB,Bank Transfer,0.03
TXN0653,2023-10-09,15962,19530,-3568,Operations,South America,IT,Clothing,SMB,Bank Transfer,0.14
TXN0654,2022-09-07,6153,25590,-19437,Operations,South America,HR,Furniture,SMB,Cash,0.1
TXN0655,2023-06-22,43717,12846,30871,R&D,Asia-Pacific,IT,Clothing,Enterprise,Credit Card,0.13
TXN0656,2023-04-25,49110,29601,19509,Sales,Africa,HR,Furniture,Enterprise,PayPal,0.27
TXN0657,2022-12-26,41083,23189,17894,HR,Africa,Marketing,Healthcare,B2B,Bank Transfer,0.24
TXN0658,2023-02-28,38352,12347,26005,Sales,Africa,Marketing,Healthcare,B2B,Bank Transfer,0.12
TXN0659,2022-12-06,8830,28694,-19864,HR,North America,Marketing,Electronics,B2C,Credit Card,0.14
TXN0660,2022-10-31,28272,12590,15682,Sales,Africa,IT,Furniture,B2B,Cash,0.07
TXN0661,2023-05-24,31771,21761,10010,R&D,South America,HR,Healthcare,B2B,Credit Card,0.07
TXN0662,2022-07-13,23597,21750,1847,R&D,Asia-Pacific,Operations,Electronics,SMB,Credit Card,0.18
TXN0663,2023-04-19,49824,25827,23997,Sales,Africa,Operations,Furniture,SMB,Credit Card,0.14
TXN0664,2023-09-02,45502,8487,37015,R&D,Africa,Marketing,Clothing,SMB,Cash,0.15
TXN0665,2022-08-06,30003,14098,15905,R&D,North America,Finance,Healthcare,SMB,Credit Card,0.09
TXN0666,2023-06-18,39344,14701,24643,Operations,Europe,Operations,Healthcare,SMB,Cash,0.23
TXN0667,2023-05-16,41712,12392,29320,Marketing,Africa,IT,Software,SMB,Cash,0.22
TXN0668,2023-08-19,6662,17323,-10661,Marketing,Asia-Pacific,HR,Healthcare,SMB,Cash,0.22
TXN0669,2023-05-11,13333,4746,8587,R&D,Europe,IT,Healthcare,SMB,Cash,0.22
TXN0670,2022-11-27,47704,10706,36998,HR,Asia-Pacific,Sales,Software,B2B,Credit Card,0.12
TXN0671,2023-06-19,39960,23951,16009,R&D,Africa,Operations,Electronics,B2C,Cash,0.23
TXN0672,2023-01-15,11363,22041,-10678,R&D,South America,Marketing,Clothing,SMB,Credit Card,0.03
TXN0673,2022-08-10,43883,25264,18619,R&D,South America,Operations,Clothing,Enterprise,Credit Card,0.09
TXN0674,2022-09-08,9227,7266,1961,Operations,North America,Marketing,Electronics,SMB,PayPal,0.1
TXN0675,2023-01-21,39461,19962,19499,R&D,Africa,Sales,Healthcare,SMB,Cash,0.29
TXN0676,2022-10-08,24795,28971,-4176,R&D,Africa,Sales,Software,Enterprise,Credit Card,0.01
TXN0677,2023-01-04,21882,22464,-582,Sales,Africa,HR,Software,B2C,PayPal,0.27
TXN0678,2023-02-28,9508,26513,-17005,R&D,North America,Marketing,Software,B2B,Credit Card,0.18
TXN0679,2023-10-23,28561,13134,15427,R&D,Europe,HR,Clothing,Enterprise,Credit Card,0.08
TXN0680,2023-04-25,41883,18750,23133,R&D,Africa,Sales,Healthcare,B2B,Credit Card,0.12
TXN0681,2022-11-17,24057,18739,5318,Sales,South America,Finance,Healthcare,Enterprise,Cash,0.22
TXN0682,2022-03-01,28092,27215,877,Marketing,North America,IT,Healthcare,SMB,Cash,0.26
TXN0683,2022-08-02,35130,17779,17351,HR,Europe,Operations,Clothing,B2C,Credit Card,0.09
TXN0684,2023-11-29,15467,14149,1318,Operations,Europe,Operations,Furniture,SMB,PayPal,0.16
TXN0685,2022-05-16,9711,21319,-11608,HR,Africa,Sales,Electronics,SMB,Credit Card,0.22
TXN0686,2022-04-30,13870,13110,760,R&D,Africa,Sales,Electronics,SMB,Bank Transfer,0.17
TXN0687,2023-01-31,46881,9496,37385,Marketing,North America,Marketing,Furniture,B2B,Cash,0.27
TXN0688,2023-09-15,26905,10824,16081,Operations,South America,Sales,Healthcare,B2B,Cash,0.23
TXN0689,2022-11-17,16439,4658,11781,Sales,Asia-Pacific,IT,Furniture,SMB,Credit Card,0.2
TXN0690,2022-07-04,22656,13900,8756,R&D,North America,IT,Clothing,B2C,Credit Card,0.02
TXN0691,2022-03-23,44646,4221,40425,Marketing,Africa,Operations,Clothing,SMB,Cash,0.16
TXN0692,2022-08-29,27130,27529,-399,R&D,Africa,Operations,Electronics,B2C,Cash,0.11
TXN0693,2023-11-19,29972,6618,23354,Sales,North America,IT,Software,Enterprise,Credit Card,0.17
TXN0694,2022-01-04,17074,24657,-7583,R&D,Europe,IT,Healthcare,B2B,Bank Transfer,0.08
TXN0695,2023-03-19,32858,14314,18544,R&D,South America,IT,Electronics,SMB,PayPal,0.21
TXN0696,2023-07-10,9164,12602,-3438,Marketing,Africa,Operations,Healthcare,Enterprise,Bank Transfer,0.12
TXN0697,2023-02-21,24783,24734,49,HR,Africa,HR,Electronics,SMB,Bank Transfer,0.24
TXN0698,2022-06-03,7529,27170,-19641,HR,Europe,Marketing,Healthcare,SMB,Credit Card,0.17
TXN0699,2023-07-19,16075,20712,-4637,Sales,Asia-Pacific,Finance,Software,B2B,Cash,0.29
TXN0700,2022-04-23,18133,10497,7636,HR,Europe,IT,Furniture,B2C,Cash,0.12
TXN0701,2022-02-09,48976,11494,37482,Operations,Africa,Operations,Healthcare,B2C,Cash,0.08
TXN0702,2022-10-11,42050,29209,12841,R&D,South America,IT,Healthcare,SMB,PayPal,0.17
TXN0703,2023-11-30,38795,19321,19474,Marketing,Asia-Pacific,IT,Furniture,SMB,Cash,0.13
TXN0704,2023-10-05,14642,16462,-1820,Sales,Asia-Pacific,Sales,Healthcare,SMB,Credit Card,0.0
TXN0705,2023-04-16,13168,3344,9824,R&D,Europe,Sales,Healthcare,B2C,Cash,0.21
TXN0706,2022-08-01,19471,6523,12948,R&D,North America,IT,Healthcare,B2C,Cash,0.22
TXN0707,2023-10-12,5939,12214,-6275,Operations,Africa,IT,Healthcare,Enterprise,Cash,0.23
TXN0708,2022-07-13,13637,8503,5134,R&D,Africa,HR,Software,B2C,Credit Card,0.21
TXN0709,2022-06-05,22865,8353,14512,Sales,Europe,HR,Healthcare,SMB,Cash,0.18
TXN0710,2022-08-24,45277,28478,16799,Marketing,North America,HR,Clothing,SMB,Cash,0.25
TXN0711,2023-02-15,16746,22934,-6188,Operations,South America,Operations,Healthcare,B2B,Cash,0.19
TXN0712,2022-08-12,17256,8238,9018,Marketing,North America,Finance,Healthcare,Enterprise,Credit Card,0.2
TXN0713,2022-11-07,18560,17356,1204,Operations,North America,IT,Electronics,B2B,Credit Card,0.25
TXN0714,2022-11-29,20212,8537,11675,R&D,Africa,IT,Furniture,B2B,PayPal,0.05
TXN0715,2022-08-01,43585,14639,28946,R&D,Africa,IT,Healthcare,B2B,Bank Transfer,0.28
TXN0716,2023-04-17,8183,24123,-15940,R&D,North America,Sales,Software,SMB,PayPal,0.24
TXN0717,2023-05-10,7689,28432,-20743,Sales,Africa,Marketing,Healthcare,B2B,PayPal,0.13
TXN0718,2023-09-15,23726,27885,-4159,Marketing,North America,IT,Clothing,B2B,Cash,0.16
TXN0719,2022-10-06,30542,7611,22931,Marketing,Africa,Marketing,Healthcare,Enterprise,Cash,0.0
TXN0720,2023-01-31,12089,17201,-5112,Marketing,Asia-Pacific,Marketing,Clothing,Enterprise,Bank Transfer,0.25
TXN0721,2023-06-24,19426,23774,-4348,R&D,Europe,Operations,Healthcare,B2C,Cash,0.02
TXN0722,2023-07-29,45153,11427,33726,Operations,Asia-Pacific,Sales,Clothing,B2B,Credit Card,0.09
TXN0723,2022-07-10,30572,23229,7343,R&D,South America,Finance,Furniture,B2B,Cash,0.08
TXN0724,2022-06-16,17928,18287,-359,R&D,Africa,IT,Electronics,B2B,Cash,0.01
TXN0725,2022-10-11,15323,26573,-11250,R&D,Africa,IT,Healthcare,B2B,Bank Transfer,0.12
TXN0726,2023-03-28,13044,6896,6148,R&D,North America,IT,Furniture,B2B,Cash,0.01
TXN0727,2023-12-09,8612,6689,1923,R&D,South America,HR,Healthcare,SMB,Cash,0.13
TXN0728,2023-10-02,14515,28307,-13792,R&D,Africa,HR,Software,SMB,Cash,0.03
TXN0729,2023-10-31,33505,3717,29788,R&D,North America,IT,Software,SMB,Cash,0.01
TXN0730,2022-05-25,38273,22944,15329,Sales,Asia-Pacific,Marketing,Healthcare,Enterprise,Cash,0.0
TXN0731,2022-01-08,36861,16358,20503,R&D,Africa,Marketing,Software,B2C,Credit Card,0.04
TXN0732,2023-04-11,49720,25707,24013,R&D,Africa,Marketing,Healthcare,SMB,Cash,0.02
TXN0733,2022-12-14,41237,28236,13001,R&D,Asia-Pacific,Finance,Healthcare,SMB,Cash,0.01
TXN0734,2022-02-16,33532,27728,5804,Sales,Asia-Pacific,IT,Healthcare,B2B,Credit Card,0.26
TXN0735,2022-04-25,40526,26385,14141,HR,Europe,IT,Electronics,B2B,Cash,0.11
TXN0736,2022-11-25,29556,16017,13539,R&D,South America,Finance,Electronics,B2C,Credit Card,0.19
TXN0737,2022-03-29,28972,16671,12301,Marketing,Africa,Marketing,Healthcare,B2C,PayPal,0.07
TXN0738,2023-08-11,14689,19006,-4317,Sales,Africa,IT,Electronics,SMB,Cash,0.02
TXN0739,2022-08-28,16982,7648,9334,Sales,Europe,Operations,Furniture,B2B,Cash,0.1
TXN0740,2022-05-17,25020,12354,12666,R&D,Africa,IT,Electronics,B2C,Bank Transfer,0.02
TXN0741,2023-05-28,24715,19067,5648,Sales,Africa,Operations,Clothing,B2B,Cash,0.07
TXN0742,2022-02-17,36819,4615,32204,R&D,Asia-Pacific,IT,Electronics,B2C,Bank Transfer,0.04
TXN0743,2022-07-02,30997,3271,27726,Operations,Africa,Marketing,Healthcare,SMB,PayPal,0.17
TXN0744,2023-01-18,42130,19159,22971,R&D,Africa,Sales,Healthcare,B2C,Cash,0.14
TXN0745,2023-06-15,45863,13730,32133,R&D,Africa,HR,Electronics,B2B,PayPal,0.02
TXN0746,2022-09-26,9600,24083,-14483,R&D,Africa,IT,Furniture,B2B,Cash,0.29
TXN0747,2022-02-24,6966,23453,-16487,R&D,Africa,IT,Healthcare,Enterprise,PayPal,0.07
TXN0748,2023-02-26,27302,23030,4272,HR,Africa,HR,Healthcare,SMB,Cash,0.08
TXN0749,2022-11-07,42474,5311,37163,Sales,South America,Marketing,Software,SMB,Bank Transfer,0.17
TXN0750,2022-01-30,37190,29706,7484,Sales,Africa,IT,Healthcare,SMB,Cash,0.22
TXN0751,2023-09-29,37105,7238,29867,HR,South America,IT,Healthcare,B2C,PayPal,0.09
TXN0752,2022-12-11,18651,27177,-8526,R&D,Asia-Pacific,IT,Clothing,SMB,Bank Transfer,0.05
TXN0753,2023-03-24,22692,27127,-4435,R&D,North America,Operations,Clothing,B2B,PayPal,0.23
TXN0754,2022-08-10,13877,27709,-13832,R&D,Europe,Marketing,Clothing,SMB,Bank Transfer,0.03
TXN0755,2022-05-21,6228,18002,-11774,Marketing,Asia-Pacific,Operations,Healthcare,SMB,PayPal,0.06
TXN0756,2023-10-22,18750,25018,-6268,HR,Asia-Pacific,IT,Software,B2B,Credit Card,0.07
TXN0757,2022-08-05,34289,14243,20046,R&D,North America,Marketing,Software,SMB,Cash,0.02
TXN0758,2022-06-19,39701,15220,24481,HR,Africa,IT,Healthcare,B2C,PayPal,0.22
TXN0759,2023-01-05,31071,27030,4041,R&D,South America,Finance,Clothing,SMB,Credit Card,0.02
TXN0760,2022-06-25,42595,28634,13961,R&D,Africa,Marketing,Electronics,SMB,PayPal,0.19
TXN0761,2023-08-17,17196,28862,-11666,R&D,Europe,Finance,Software,SMB,Credit Card,0.0
TXN0762,2022-03-02,6646,12256,-5610,Sales,Europe,Finance,Clothing,SMB,PayPal,0.11
TXN0763,2023-04-18,36335,16437,19898,R&D,Africa,IT,Healthcare,B2C,Cash,0.14
TXN0764,2023-09-19,47172,23854,23318,Marketing,Africa,Operations,Furniture,B2C,Credit Card,0.11
TXN0765,2023-08-24,39531,19619,19912,R&D,Asia-Pacific,Marketing,Healthcare,SMB,PayPal,0.23
TXN0766,2023-05-02,16606,24552,-7946,Marketing,Africa,IT,Healthcare,B2C,Bank Transfer,0.03
TXN0767,2023-02-06,23116,29408,-6292,R&D,Asia-Pacific,Finance,Electronics,B2C,Cash,0.05
TXN0768,2023-02-23,34530,16222,18308,Sales,Africa,Sales,Electronics,SMB,Bank Transfer,0.03
TXN0769,2023-06-03,18128,21411,-3283,R&D,North America,IT,Healthcare,SMB,PayPal,0.09
TXN0770,2022-12-22,48293,20756,27537,Marketing,North America,Marketing,Electronics,B2B,Bank Transfer,0.25
TXN0771,2023-12-03,26001,9759,16242,R&D,Africa,Sales,Healthcare,Enterprise,Cash,0.09
TXN0772,2022-09-27,25524,3262,22262,Sales,North America,HR,Healthcare,SMB,Cash,0.17
TXN0773,2022-06-08,20270,14288,5982,R&D,North America,Marketing,Electronics,SMB,Cash,0.24
TXN0774,2022-07-30,13925,28550,-14625,HR,North America,Operations,Healthcare,B2B,PayPal,0.14
TXN0775,2023-07-21,32159,16032,16127,HR,Africa,HR,Clothing,B2B,Cash,0.05
TXN0776,2022-06-20,48877,8779,40098,R&D,Europe,Operations,Healthcare,B2B,Cash,0.29
TXN0777,2023-06-19,24748,28670,-3922,R&D,Europe,HR,Electronics,B2B,Cash,0.03
TXN0778,2023-01-02,34691,11608,23083,Sales,Africa,IT,Clothing,B2B,Bank Transfer,0.07
TXN0779,2023-04-22,30555,10522,20033,Marketing,Africa,Operations,Furniture,B2B,Cash,0.2
TXN0780,2023-07-18,20958,4820,16138,R&D,Europe,IT,Software,SMB,Bank Transfer,0.07
TXN0781,2023-12-28,36666,8287,28379,Marketing,Africa,IT,Healthcare,Enterprise,Cash,0.02
TXN0782,2023-11-16,40847,16163,24684,Operations,North America,IT,Software,B2C,Cash,0.19
TXN0783,2022-08-26,20501,12015,8486,Sales,South America,Finance,Furniture,SMB,Cash,0.26
TXN0784,2022-05-29,21664,9599,12065,Sales,North America,Sales,Clothing,B2C,Credit Card,0.11
TXN0785,2022-04-02,43766,24814,18952,Sales,Asia-Pacific,IT,Software,B2C,PayPal,0.1
TXN0786,2023-05-30,44734,21931,22803,Sales,Africa,Finance,Furniture,B2B,Cash,0.07
TXN0787,2023-03-25,46472,23721,22751,Marketing,Europe,IT,Healthcare,B2B,Cash,0.25
TXN0788,2023-04-02,37997,17710,20287,R&D,South America,Marketing,Clothing,SMB,Credit Card,0.24
TXN0789,2022-08-21,8098,8462,-364,HR,Africa,Operations,Healthcare,B2C,Cash,0.14
TXN0790,2023-04-26,21207,14536,6671,Operations,Europe,Operations,Healthcare,B2B,Bank Transfer,0.17
TXN0791,2022-03-02,48196,13509,34687,Marketing,North America,IT,Electronics,B2B,Bank Transfer,0.02
TXN0792,2022-02-24,7930,15607,-7677,R&D,North America,IT,Electronics,SMB,Cash,0.24
TXN0793,2023-12-22,22962,6876,16086,Sales,Asia-Pacific,IT,Clothing,B2B,Cash,0.15
TXN0794,2022-09-05,8431,29376,-20945,Operations,North America,IT,Healthcare,B2C,Cash,0.08
TXN0795,2022-01-20,33949,26104,7845,Marketing,Africa,Marketing,Furniture,SMB,Cash,0.09
TXN0796,2023-07-28,39203,16903,22300,R&D,Africa,Marketing,Electronics,B2C,Bank Transfer,0.12
TXN0797,2023-03-20,39407,26993,12414,R&D,North America,Sales,Software,B2C,Cash,0.08
TXN0798,2022-09-08,24476,7173,17303,Marketing,Europe,Sales,Healthcare,Enterprise,Cash,0.09
TXN0799,2023-05-10,23109,13756,9353,R&D,Europe,Sales,Healthcare,SMB,Cash,0.18
TXN0800,2023-11-13,21095,27990,-6895,Operations,Europe,Marketing,Furniture,B2B,Bank Transfer,0.22
TXN0801,2023-09-12,10084,22432,-12348,R&D,North America,IT,Furniture,SMB,Credit Card,0.22
TXN0802,2022-04-30,42202,6567,35635,Marketing,Asia-Pacific,IT,Furniture,B2C,Cash,0.16
TXN0803,2023-12-06,48681,22984,25697,R&D,Europe,HR,Healthcare,SMB,Bank Transfer,0.21
TXN0804,2023-04-13,13303,29586,-16283,R&D,Europe,HR,Electronics,SMB,Bank Transfer,0.1
TXN0805,2022-04-17,5284,12878,-7594,HR,Europe,Sales,Healthcare,SMB,Bank Transfer,0.27
TXN0806,2022-05-29,10952,24367,-13415,R&D,Asia-Pacific,Finance,Software,SMB,Cash,0.26
TXN0807,2022-07-10,12501,26671,-14170,R&D,Europe,Marketing,Healthcare,B2B,Cash,0.01
TXN0808,2022-12-27,11588,27261,-15673,Sales,North America,IT,Clothing,SMB,PayPal,0.14
TXN0809,2022-05-30,26950,9294,17656,Operations,North America,Sales,Electronics,B2B,Bank Transfer,0.09
TXN0810,2022-05-01,45482,23475,22007,Marketing,Africa,IT,Furniture,SMB,Cash,0.08
TXN0811,2023-03-30,35018,4308,30710,Operations,Africa,IT,Healthcare,B2B,Cash,0.17
TXN0812,2023-07-14,7421,10353,-2932,R&D,North America,Operations,Software,SMB,Bank Transfer,0.27
TXN0813,2022-08-24,15915,14371,1544,Marketing,Africa,Sales,Healthcare,Enterprise,Bank Transfer,0.27
TXN0814,2023-05-04,24687,7984,16703,Marketing,Africa,Marketing,Healthcare,B2B,Cash,0.18
TXN0815,2022-03-15,19764,22480,-2716,R&D,Europe,HR,Software,SMB,Cash,0.23
TXN0816,2022-02-10,47756,20358,27398,R&D,North America,HR,Healthcare,SMB,Bank Transfer,0.01
TXN0817,2023-02-03,5804,17751,-11947,Marketing,Africa,HR,Healthcare,B2B,Bank Transfer,0.03
TXN0818,2022-07-12,39378,7216,32162,Operations,South America,Sales,Software,SMB,Cash,0.03
TXN0819,2022-03-20,32734,15445,17289,R&D,Africa,Marketing,Healthcare,B2B,PayPal,0.27
TXN0820,2023-12-23,17057,11809,5248,HR,Africa,HR,Clothing,SMB,Cash,0.09
TXN0821,2023-04-22,24536,20562,3974,Operations,South America,Sales,Software,B2B,PayPal,0.01
TXN0822,2023-02-04,29728,7521,22207,R&D,North America,Operations,Healthcare,B2C,Cash,0.21
TXN0823,2022-10-31,44907,10934,33973,Sales,Asia-Pacific,Marketing,Electronics,B2B,Cash,0.13
TXN0824,2023-04-30,36982,13325,23657,Marketing,North America,IT,Clothing,SMB,Cash,0.25
TXN0825,2023-04-15,21617,22573,-956,R&D,Africa,IT,Healthcare,SMB,Bank Transfer,0.26
TXN0826,2023-06-21,23448,28287,-4839,Marketing,Africa,Sales,Clothing,B2C,Credit Card,0.17
TXN0827,2023-12-31,14905,18693,-3788,Sales,Asia-Pacific,Sales,Clothing,B2B,PayPal,0.06
TXN0828,2022-03-05,13458,18291,-4833,Sales,South America,IT,Healthcare,B2C,Cash,0.28
TXN0829,2022-07-19,26308,23301,3007,R&D,North America,HR,Healthcare,B2C,Cash,0.14
TXN0830,2022-07-04,43383,15842,27541,R&D,North America,Sales,Healthcare,B2C,Bank Transfer,0.01
TXN0831,2022-11-01,15967,9006,6961,R&D,Africa,IT,Furniture,SMB,Cash,0.24
TXN0832,2023-02-19,24680,28048,-3368,Marketing,Africa,HR,Healthcare,Enterprise,Cash,0.0
TXN0833,2022-04-06,23963,22952,1011,R&D,North America,HR,Healthcare,SMB,Bank Transfer,0.11
TXN0834,2023-02-08,28317,21206,7111,HR,Europe,Finance,Healthcare,B2C,PayPal,0.12
TXN0835,2023-11-03,7505,29953,-22448,Sales,Africa,Sales,Furniture,SMB,Cash,0.05
TXN0836,2023-04-14,34922,28511,6411,Sales,Asia-Pacific,Operations,Clothing,B2B,Cash,0.19
TXN0837,2022-12-24,43126,14807,28319,R&D,Asia-Pacific,Marketing,Healthcare,SMB,Bank Transfer,0.12
TXN0838,2022-03-11,39573,23853,15720,Marketing,South America,IT,Healthcare,Enterprise,Cash,0.13
TXN0839,2023-03-05,5982,23681,-17699,Sales,North America,Finance,Furniture,B2B,Cash,0.11
TXN0840,2023-12-05,44442,22729,21713,Marketing,Asia-Pacific,IT,Healthcare,B2B,Cash,0.07
TXN0841,2023-07-27,8479,10981,-2502,R&D,Europe,Marketing,Healthcare,B2B,PayPal,0.02
TXN0842,2023-01-09,44558,5551,39007,Sales,Africa,IT,Software,SMB,Cash,0.02
TXN0843,2023-03-03,11031,8505,2526,R&D,South America,IT,Healthcare,B2B,PayPal,0.29
TXN0844,2022-04-20,21158,11359,9799,HR,Europe,IT,Healthcare,SMB,Credit Card,0.11
TXN0845,2022-09-11,39346,3022,36324,Sales,Africa,IT,Healthcare,B2C,Cash,0.27
TXN0846,2023-03-02,8909,28459,-19550,Operations,Africa,IT,Software,B2B,Credit Card,0.04
TXN0847,2023-04-23,32267,27473,4794,R&D,North America,Sales,Healthcare,SMB,Bank Transfer,0.07
TXN0848,2022-12-17,24806,5262,19544,Marketing,Africa,Sales,Electronics,B2B,Bank Transfer,0.22
TXN0849,2022-04-28,49850,21103,28747,R&D,Africa,IT,Software,SMB,Credit Card,0.1
TXN0850,2022-09-22,30706,15063,15643,Sales,Europe,IT,Furniture,SMB,Credit Card,0.21
TXN0851,2022-09-18,43425,23005,20420,Sales,Africa,IT,Electronics,B2B,Cash,0.26
TXN0852,2022-07-18,31234,25113,6121,R&D,North America,IT,Software,SMB,Bank Transfer,0.2
TXN0853,2022-02-21,19031,22024,-2993,R&D,Africa,Operations,Healthcare,Enterprise,Bank Transfer,0.25
TXN0854,2023-09-19,28156,9153,19003,R&D,Africa,IT,Software,SMB,Credit Card,0.16
TXN0855,2023-06-13,5449,6520,-1071,R&D,Europe,IT,Electronics,SMB,Credit Card,0.18
TXN0856,2023-08-21,33191,20360,12831,Marketing,Africa,IT,Healthcare,SMB,Credit Card,0.19
TXN0857,2022-06-27,29150,27616,1534,R&D,North America,Sales,Clothing,B2C,Cash,0.22
TXN0858,2022-07-19,43093,25474,17619,Operations,Europe,Sales,Electronics,B2B,Cash,0.24
TXN0859,2023-02-24,8741,10666,-1925,Sales,Africa,IT,Furniture,SMB,Cash,0.24
TXN0860,2022-11-04,11340,23050,-11710,R&D,Africa,Marketing,Software,SMB,PayPal,0.27
TXN0861,2022-04-09,21964,28982,-7018,Sales,Africa,IT,Electronics,B2B,Bank Transfer,0.29
TXN0862,2022-10-11,18026,5984,12042,Sales,North America,IT,Clothing,B2B,Cash,0.21
TXN0863,2023-04-29,14582,25802,-11220,HR,North America,Sales,Healthcare,B2C,Cash,0.23
TXN0864,2023-02-14,45512,15989,29523,R&D,Africa,Operations,Healthcare,Enterprise,PayPal,0.28
TXN0865,2023-07-16,32109,24170,7939,R&D,North America,IT,Furniture,SMB,Cash,0.15
TXN0866,2022-09-16,41390,19288,22102,R&D,Asia-Pacific,IT,Electronics,SMB,Cash,0.23
TXN0867,2023-01-26,7658,26063,-18405,Operations,North America,HR,Clothing,SMB,Bank Transfer,0.13
TXN0868,2023-11-06,38134,16157,21977,R&D,Africa,Sales,Electronics,SMB,Credit Card,0.14
TXN0869,2023-09-18,23408,29335,-5927,Marketing,North America,IT,Clothing,SMB,Cash,0.01
TXN0870,2023-05-29,17062,4695,12367,R&D,North America,IT,Healthcare,SMB,Cash,0.0
TXN0871,2023-08-02,33263,5510,27753,R&D,Africa,Marketing,Electronics,B2C,Cash,0.0
TXN0872,2022-01-24,31995,22567,9428,R&D,Africa,Marketing,Healthcare,Enterprise,Cash,0.1
TXN0873,2023-06-16,6218,21294,-15076,R&D,Africa,Finance,Software,SMB,Cash,0.14
TXN0874,2023-02-20,20870,3691,17179,R&D,Africa,IT,Healthcare,SMB,Credit Card,0.15
TXN0875,2023-09-13,15675,4519,11156,HR,North America,HR,Healthcare,SMB,Credit Card,0.21
TXN0876,2023-06-05,47629,17135,30494,Sales,North America,IT,Healthcare,B2C,Cash,0.14
TXN0877,2022-03-07,46349,27927,18422,Sales,Africa,Sales,Furniture,B2B,Cash,0.03
TXN0878,2023-07-25,33421,4878,28543,R&D,North America,Finance,Healthcare,B2C,Bank Transfer,0.15
TXN0879,2023-12-27,24293,9402,14891,R&D,South America,Operations,Healthcare,B2B,PayPal,0.2
TXN0880,2022-03-06,43098,12086,31012,Sales,Asia-Pacific,Sales,Furniture,SMB,Cash,0.24
TXN0881,2022-05-23,45034,5083,39951,Operations,Europe,Marketing,Electronics,SMB,PayPal,0.22
TXN0882,2022-07-31,16618,20303,-3685,R&D,Asia-Pacific,IT,Healthcare,B2C,Credit Card,0.04
TXN0883,2023-07-22,38631,22542,16089,Marketing,North America,IT,Electronics,Enterprise,Cash,0.12
TXN0884,2023-12-13,19855,3752,16103,HR,Africa,IT,Software,B2B,Credit Card,0.23
TXN0885,2023-12-31,17995,10316,7679,Marketing,Africa,IT,Healthcare,SMB,Cash,0.03
TXN0886,2022-06-21,13012,22747,-9735,Sales,Africa,Sales,Healthcare,SMB,Cash,0.11
TXN0887,2023-02-07,11595,7582,4013,R&D,Africa,Operations,Electronics,B2B,Credit Card,0.04
TXN0888,2023-04-07,32309,29356,2953,Marketing,Africa,IT,Furniture,SMB,Bank Transfer,0.07
TXN0889,2022-05-01,6407,29698,-23291,Sales,Africa,Sales,Electronics,Enterprise,Credit Card,0.27
TXN0890,2023-06-17,24359,22276,2083,Sales,North America,Operations,Healthcare,SMB,PayPal,0.0
TXN0891,2022-03-14,18109,27192,-9083,R&D,Africa,IT,Software,SMB,Cash,0.13
TXN0892,2023-08-09,18814,28027,-9213,Marketing,Africa,Sales,Clothing,B2C,Credit Card,0.03
TXN0893,2022-07-08,18477,19875,-1398,Operations,Africa,Operations,Electronics,SMB,Bank Transfer,0.15
TXN0894,2023-11-10,26413,5452,20961,Marketing,Asia-Pacific,HR,Electronics,B2C,PayPal,0.27
TXN0895,2022-07-17,27568,27890,-322,R&D,North America,Marketing,Electronics,SMB,PayPal,0.11
TXN0896,2022-09-15,5002,15348,-10346,R&D,Asia-Pacific,IT,Clothing,B2B,Cash,0.14
TXN0897,2022-12-16,22696,29061,-6365,R&D,Asia-Pacific,IT,Electronics,B2B,Cash,0.03
TXN0898,2022-11-11,44435,11444,32991,Sales,North America,HR,Healthcare,SMB,Credit Card,0.05
TXN0899,2022-04-15,12576,21333,-8757,Sales,Africa,Finance,Clothing,Enterprise,Cash,0.28
TXN0900,2023-05-20,29883,22085,7798,Sales,North America,IT,Healthcare,SMB,Credit Card,0.14
TXN0901,2022-01-08,26690,15955,10735,Operations,Europe,Marketing,Clothing,B2B,Cash,0.02
TXN0902,2023-07-09,16672,18402,-1730,Sales,Africa,Marketing,Healthcare,SMB,Bank Transfer,0.25
TXN0903,2023-03-02,38450,25333,13117,HR,Africa,Marketing,Electronics,Enterprise,Cash,0.27
TXN0904,2023-05-24,18752,11394,7358,Sales,North America,IT,Healthcare,B2C,Cash,0.21
TXN0905,2022-01-19,27025,28517,-1492,R&D,Africa,Marketing,Clothing,SMB,Credit Card,0.03
TXN0906,2022-06-17,12694,20751,-8057,Sales,Africa,IT,Healthcare,B2B,Credit Card,0.24
TXN0907,2023-09-16,19706,15622,4084,Marketing,Europe,Finance,Clothing,B2C,Cash,0.24
TXN0908,2023-10-10,37816,6505,31311,Marketing,South America,Marketing,Electronics,SMB,Cash,0.02
TXN0909,2022-05-29,25518,22184,3334,R&D,Asia-Pacific,Finance,Furniture,Enterprise,Credit Card,0.03
TXN0910,2022-10-24,14938,18805,-3867,Sales,Europe,Finance,Healthcare,SMB,Credit Card,0.18
TXN0911,2022-09-12,11997,17997,-6000,R&D,Africa,IT,Healthcare,SMB,Credit Card,0.11
TXN0912,2022-11-01,29979,28898,1081,HR,Africa,Marketing,Software,B2B,PayPal,0.23
TXN0913,2022-07-27,24925,17426,7499,R&D,North America,Sales,Electronics,SMB,Credit Card,0.14
TXN0914,2022-08-14,48397,21829,26568,Marketing,Europe,IT,Healthcare,B2C,Bank Transfer,0.25
TXN0915,2023-03-02,9308,7013,2295,HR,Africa,IT,Software,B2C,Cash,0.02
TXN0916,2022-09-22,23150,19935,3215,Operations,Asia-Pacific,Marketing,Electronics,SMB,PayPal,0.25
TXN0917,2023-06-17,44276,4198,40078,R&D,Africa,HR,Healthcare,Enterprise,Cash,0.19
TXN0918,2022-03-03,29781,20781,9000,Operations,Europe,Marketing,Healthcare,Enterprise,Bank Transfer,0.28
TXN0919,2023-02-06,5136,11761,-6625,R&D,Europe,Sales,Clothing,SMB,Credit Card,0.28
TXN0920,2023-02-13,25981,25101,880,R&D,Africa,IT,Furniture,B2B,Credit Card,0.04
TXN0921,2022-04-19,24947,21663,3284,R&D,South America,IT,Healthcare,B2C,Cash,0.04
TXN0922,2022-02-08,20747,22482,-1735,Marketing,Asia-Pacific,Operations,Healthcare,B2C,PayPal,0.14
TXN0923,2022-06-20,12410,24618,-12208,Marketing,North America,Operations,Healthcare,SMB,Bank Transfer,0.11
TXN0924,2022-01-29,44970,20000,24970,Sales,North America,Sales,Healthcare,Enterprise,Cash,0.19
TXN0925,2022-01-31,7675,19236,-11561,HR,North America,IT,Healthcare,B2C,Cash,0.06
TXN0926,2022-07-24,28988,29132,-144,Sales,Africa,IT,Furniture,Enterprise,Cash,0.1
TXN0927,2023-05-29,24714,26094,-1380,Marketing,North America,Operations,Healthcare,SMB,Cash,0.2
TXN0928,2022-07-21,37781,10383,27398,Sales,Asia-Pacific,Marketing,Electronics,B2B,Bank Transfer,0.11
TXN0929,2023-12-10,32687,24957,7730,HR,Africa,Sales,Healthcare,SMB,Bank Transfer,0.06
TXN0930,2022-09-20,39701,17680,22021,Sales,South America,HR,Software,SMB,Credit Card,0.03
TXN0931,2022-10-16,30225,17701,12524,HR,Africa,Marketing,Healthcare,B2B,Cash,0.06
TXN0932,2023-12-28,35689,28905,6784,R&D,Europe,Sales,Electronics,B2B,Credit Card,0.14
TXN0933,2022-04-03,47300,14634,32666,Marketing,Africa,IT,Clothing,SMB,Cash,0.1
TXN0934,2023-11-13,40025,18063,21962,R&D,Europe,Operations,Software,SMB,Cash,0.01
TXN0935,2022-11-09,7499,13309,-5810,Marketing,Asia-Pacific,Finance,Healthcare,SMB,Cash,0.15
TXN0936,2023-10-04,36710,16909,19801,R&D,Europe,Finance,Healthcare,Enterprise,Bank Transfer,0.03
TXN0937,2022-04-09,32041,20193,11848,R&D,South America,IT,Electronics,Enterprise,Cash,0.15
TXN0938,2022-07-16,44081,4887,39194,HR,Asia-Pacific,IT,Clothing,Enterprise,PayPal,0.24
TXN0939,2023-08-13,39944,7283,32661,Sales,Africa,Marketing,Electronics,B2C,Credit Card,0.25
TXN0940,2023-02-25,11347,8570,2777,R&D,Africa,Marketing,Electronics,Enterprise,Cash,0.06
TXN0941,2023-11-30,23839,17797,6042,Sales,North America,IT,Healthcare,B2B,PayPal,0.17
TXN0942,2023-09-16,44054,26107,17947,Marketing,North America,HR,Clothing,B2C,Credit Card,0.27
TXN0943,2022-11-24,41029,18227,22802,R&D,Asia-Pacific,Marketing,Clothing,B2C,Bank Transfer,0.28
TXN0944,2023-05-01,17657,11444,6213,R&D,Africa,Operations,Healthcare,B2C,Cash,0.07
TXN0945,2023-04-28,13348,11048,2300,Sales,North America,IT,Clothing,B2C,Cash,0.07
TXN0946,2022-05-10,18277,8988,9289,Sales,North America,Marketing,Healthcare,Enterprise,Credit Card,0.27
TXN0947,2023-09-25,36981,17470,19511,R&D,Africa,Marketing,Healthcare,SMB,Credit Card,0.0
TXN0948,2023-01-16,20569,7054,13515,Operations,Africa,IT,Electronics,B2C,Bank Transfer,0.05
TXN0949,2022-08-07,38684,25162,13522,R&D,North America,IT,Healthcare,B2C,Bank Transfer,0.05
TXN0950,2022-12-10,7232,9799,-2567,Operations,North America,IT,Furniture,SMB,Cash,0.1
TXN0951,2022-09-09,32341,19269,13072,Marketing,Europe,IT,Healthcare,B2B,Cash,0.06
TXN0952,2023-10-17,38376,24093,14283,Marketing,Africa,Marketing,Healthcare,SMB,Credit Card,0.24
TXN0953,2022-03-20,28552,26622,1930,R&D,Africa,Marketing,Healthcare,SMB,Cash,0.12
TXN0954,2022-01-20,48666,26674,21992,Sales,North America,IT,Healthcare,SMB,Cash,0.29
TXN0955,2023-05-21,17880,9804,8076,R&D,Africa,Marketing,Healthcare,B2B,Cash,0.28
TXN0956,2022-05-05,16216,28484,-12268,Operations,South America,Sales,Electronics,B2C,Credit Card,0.14
TXN0957,2022-01-15,34553,27995,6558,R&D,South America,Marketing,Healthcare,B2B,Credit Card,0.24
TXN0958,2022-12-28,46268,8546,37722,R&D,South America,Finance,Healthcare,Enterprise,Bank Transfer,0.07
TXN0959,2022-06-06,9389,24133,-14744,R&D,Europe,Sales,Furniture,B2C,Credit Card,0.21
TXN0960,2022-05-02,14880,20552,-5672,R&D,South America,Marketing,Electronics,SMB,Bank Transfer,0.21
TXN0961,2023-12-06,41638,18796,22842,R&D,Africa,Sales,Software,B2C,Credit Card,0.19
TXN0962,2023-10-30,15163,29280,-14117,Operations,North America,IT,Electronics,B2C,Credit Card,0.25
TXN0963,2023-03-15,42046,5456,36590,Operations,Africa,IT,Furniture,B2B,Cash,0.16
TXN0964,2022-07-10,28862,10421,18441,Marketing,South America,IT,Software,B2C,Credit Card,0.24
TXN0965,2023-02-26,12825,6121,6704,Sales,Europe,Sales,Healthcare,Enterprise,Credit Card,0.07
TXN0966,2022-07-30,17016,15913,1103,Sales,Asia-Pacific,IT,Furniture,B2C,Credit Card,0.26
TXN0967,2023-04-19,42200,25499,16701,R&D,Europe,Sales,Software,SMB,PayPal,0.01
TXN0968,2023-06-24,14899,11542,3357,HR,North America,IT,Software,B2B,Bank Transfer,0.26
TXN0969,2022-12-24,47252,8400,38852,Marketing,North America,Sales,Electronics,SMB,Credit Card,0.27
TXN0970,2023-02-08,35447,7076,28371,Marketing,Africa,IT,Electronics,SMB,Cash,0.23
TXN0971,2023-11-17,26267,4959,21308,Sales,Asia-Pacific,Finance,Clothing,B2B,Credit Card,0.05
TXN0972,2022-03-29,38204,16743,21461,Operations,South America,Sales,Electronics,B2B,Cash,0.28
TXN0973,2023-03-17,9459,7097,2362,R&D,North America,IT,Electronics,SMB,Credit Card,0.28
TXN0974,2023-12-04,30207,15579,14628,R&D,North America,Marketing,Healthcare,B2C,Cash,0.12
TXN0975,2022-07-09,43106,11681,31425,HR,North America,IT,Furniture,B2C,Credit Card,0.17
TXN0976,2023-07-31,39497,17507,21990,R&D,North America,IT,Electronics,SMB,Bank Transfer,0.07
TXN0977,2022-01-05,11754,25448,-13694,Operations,Africa,Finance,Healthcare,SMB,Credit Card,0.07
TXN0978,2023-09-20,13786,19153,-5367,Sales,Africa,Marketing,Clothing,SMB,Credit Card,0.06
TXN0979,2022-12-21,6340,6081,259,R&D,Africa,IT,Healthcare,B2C,Credit Card,0.11
TXN0980,2022-05-06,45973,8727,37246,Operations,North America,IT,Electronics,SMB,Cash,0.23
TXN0981,2022-01-06,39274,29048,10226,Operations,Africa,IT,Software,SMB,Cash,0.05
TXN0982,2022-07-17,38051,16969,21082,R&D,Africa,Sales,Electronics,B2B,Bank Transfer,0.1
TXN0983,2023-07-30,41504,25684,15820,Sales,North America,IT,Clothing,B2B,Credit Card,0.25
TXN0984,2022-01-10,23276,6797,16479,Sales,North America,IT,Software,SMB,Credit Card,0.2
TXN0985,2023-05-25,13756,20225,-6469,R&D,South America,HR,Furniture,B2B,Cash,0.13
TXN0986,2022-08-05,45103,19470,25633,HR,South America,IT,Furniture,B2C,Bank Transfer,0.12
TXN0987,2023-04-01,42278,26213,16065,Sales,Africa,Sales,Healthcare,Enterprise,Cash,0.05
TXN0988,2022-11-21,20323,15024,5299,Marketing,South America,Marketing,Healthcare,SMB,Cash,0.0
TXN0989,2023-08-04,18810,23600,-4790,Operations,Africa,HR,Healthcare,SMB,Credit Card,0.1
TXN0990,2022-01-06,22839,29465,-6626,Marketing,South America,IT,Healthcare,SMB,Bank Transfer,0.04
TXN0991,2022-07-14,23158,26265,-3107,Marketing,Africa,Marketing,Healthcare,SMB,Cash,0.26
TXN0992,2023-12-16,34942,11004,23938,Operations,Africa,IT,Healthcare,B2B,Cash,0.12
TXN0993,2022-04-07,49412,22265,27147,R&D,South America,Finance,Electronics,B2B,Cash,0.16
TXN0994,2022-03-09,45138,11990,33148,Marketing,North America,Operations,Software,B2B,Credit Card,0.17
TXN0995,2022-08-27,8819,12633,-3814,Marketing,North America,Finance,Healthcare,B2C,Cash,0.19
TXN0996,2023-03-21,24394,22183,2211,Marketing,Africa,Sales,Healthcare,SMB,Cash,0.15
TXN0997,2022-08-04,8434,22425,-13991,Sales,Africa,Sales,Healthcare,SMB,Credit Card,0.07
TXN0998,2022-07-03,45672,18003,27669,Marketing,Africa,Finance,Clothing,B2C,PayPal,0.01
TXN0999,2022-12-26,10585,15869,-5284,Marketing,Africa,Sales,Healthcare,SMB,Cash,0.07
TXN1000,2023-02-16,17997,18640,-643,Sales,Africa,Sales,Electronics,B2B,Cash,0.27
TXN1001,2023-11-23,38808,12019,26789,R&D,North America,IT,Healthcare,B2B,Credit Card,0.09
TXN1002,2022-04-29,40017,13178,26839,Operations,Africa,IT,Software,SMB,Credit Card,0.25
TXN1003,2022-07-21,5032,11967,-6935,Sales,North America,Finance,Healthcare,Enterprise,Bank Transfer,0.15
TXN1004,2023-05-06,8703,4995,3708,Operations,Europe,IT,Healthcare,SMB,Cash,0.05
TXN1005,2023-02-09,6618,29548,-22930,Operations,Asia-Pacific,HR,Electronics,B2C,PayPal,0.25
TXN1006,2023-08-27,24752,15518,9234,R&D,Africa,HR,Furniture,SMB,Credit Card,0.11
TXN1007,2023-01-03,45802,11780,34022,Operations,Asia-Pacific,Finance,Electronics,SMB,Cash,0.11
TXN1008,2023-11-07,18189,11241,6948,Marketing,Asia-Pacific,Marketing,Software,B2C,PayPal,0.21
TXN1009,2022-02-04,28946,24005,4941,Sales,Africa,IT,Clothing,B2B,PayPal,0.29
TXN1010,2022-08-06,31838,20878,10960,R&D,Europe,IT,Healthcare,SMB,Cash,0.2
TXN1011,2022-12-29,12735,12215,520,HR,Asia-Pacific,Marketing,Electronics,B2C,Cash,0.04
TXN1012,2022-02-23,22723,23294,-571,Sales,North America,IT,Healthcare,SMB,Credit Card,0.11
TXN1013,2022-03-04,24116,15063,9053,R&D,Africa,Operations,Healthcare,B2B,Bank Transfer,0.14
TXN1014,2022-10-01,8518,20640,-12122,HR,Africa,IT,Healthcare,SMB,Cash,0.12
TXN1015,2023-06-21,28129,12296,15833,R&D,South America,IT,Healthcare,Enterprise,Credit Card,0.07
TXN1016,2023-01-18,46010,26632,19378,R&D,Africa,IT,Healthcare,B2C,PayPal,0.07
TXN1017,2022-05-06,41365,18316,23049,R&D,Europe,IT,Software,Enterprise,Credit Card,0.04
TXN1018,2022-01-29,44225,28803,15422,R&D,South America,IT,Healthcare,SMB,Cash,0.05
TXN1019,2023-12-10,19136,4147,14989,R&D,Asia-Pacific,Sales,Healthcare,B2B,Credit Card,0.19
TXN1020,2022-03-09,5134,13765,-8631,Sales,Asia-Pacific,IT,Software,B2B,Cash,0.06
TXN1021,2023-01-08,22646,19479,3167,Marketing,North America,Operations,Software,SMB,Credit Card,0.24
TXN1022,2023-08-11,35411,4649,30762,Marketing,Asia-Pacific,Operations,Healthcare,B2B,Cash,0.22
TXN1023,2022-07-01,34688,29027,5661,R&D,Africa,Sales,Clothing,Enterprise,Credit Card,0.05
TXN1024,2022-10-26,48241,6545,41696,R&D,Africa,Sales,Healthcare,B2B,Cash,0.16
TXN1025,2022-05-31,36147,6503,29644,Sales,Africa,Sales,Clothing,SMB,Credit Card,0.25
TXN1026,2022-09-10,6823,27926,-21103,Marketing,South America,HR,Furniture,SMB,Bank Transfer,0.29
TXN1027,2022-09-22,25159,5573,19586,R&D,Asia-Pacific,IT,Clothing,Enterprise,Bank Transfer,0.26
TXN1028,2022-08-22,20490,26784,-6294,Operations,Africa,IT,Electronics,SMB,Bank Transfer,0.2
TXN1029,2022-05-11,46833,8668,38165,R&D,Africa,IT,Healthcare,Enterprise,Bank Transfer,0.16
TXN1030,2023-06-29,29602,6237,23365,R&D,Africa,HR,Healthcare,SMB,Credit Card,0.11
TXN1031,2022-09-26,6361,5599,762,HR,Asia-Pacific,Finance,Healthcare,SMB,Cash,0.14
TXN1032,2022-02-20,21086,3268,17818,R&D,Africa,HR,Software,SMB,Cash,0.05
TXN1033,2022-12-23,48508,10014,38494,R&D,North America,Finance,Software,SMB,Bank Transfer,0.1
TXN1034,2022-01-24,33938,22068,11870,Sales,Africa,IT,Software,SMB,Cash,0.18
TXN1035,2023-01-31,19482,29601,-10119,R&D,Africa,IT,Healthcare,B2B,Cash,0.19
TXN1036,2023-08-29,5825,17958,-12133,Marketing,Africa,IT,Healthcare,B2B,Cash,0.0
TXN1037,2023-04-01,48830,24702,24128,R&D,Africa,IT,Healthcare,SMB,Bank Transfer,0.0
TXN1038,2023-12-18,6433,10968,-4535,R&D,Europe,Sales,Healthcare,Enterprise,Cash,0.22
TXN1039,2023-01-15,15160,29125,-13965,R&D,North America,IT,Furniture,B2B,Credit Card,0.11
TXN1040,2023-08-16,28026,5566,22460,R&D,Europe,IT,Healthcare,SMB,Bank Transfer,0.21
TXN1041,2022-09-08,26397,14965,11432,R&D,Europe,IT,Healthcare,B2C,PayPal,0.0
TXN1042,2023-04-28,22879,11059,11820,Sales,Asia-Pacific,HR,Electronics,Enterprise,Cash,0.11
TXN1043,2023-10-30,6900,3106,3794,R&D,Africa,Sales,Furniture,SMB,Cash,0.03
TXN1044,2022-08-19,15573,13078,2495,Sales,Africa,IT,Electronics,SMB,Credit Card,0.29
TXN1045,2022-04-20,36053,14926,21127,Marketing,Africa,Operations,Software,B2B,Cash,0.09
TXN1046,2022-04-22,33324,27365,5959,Sales,North America,IT,Software,Enterprise,Bank Transfer,0.13
TXN1047,2022-04-03,29920,3557,26363,R&D,North America,IT,Clothing,B2C,Cash,0.08
TXN1048,2023-12-31,27153,7181,19972,Sales,South America,IT,Furniture,SMB,Credit Card,0.07
TXN1049,2022-03-15,47096,12040,35056,Marketing,Africa,Finance,Healthcare,B2B,Credit Card,0.13
TXN1050,2022-03-12,37460,21527,15933,R&D,North America,Sales,Healthcare,SMB,Cash,0.19
TXN1051,2023-11-04,7817,8452,-635,Sales,Africa,IT,Clothing,SMB,Credit Card,0.27
TXN1052,2022-02-15,44079,13493,30586,R&D,Asia-Pacific,IT,Electronics,SMB,Cash,0.19
TXN1053,2022-09-05,40524,6371,34153,Sales,Africa,Operations,Software,B2C,Cash,0.02
TXN1054,2023-09-08,48560,12867,35693,Marketing,Africa,HR,Furniture,B2B,Cash,0.16
TXN1055,2023-10-28,34914,21177,13737,Sales,North America,IT,Healthcare,B2C,Cash,0.13
TXN1056,2023-08-17,43376,27985,15391,Sales,Asia-Pacific,IT,Healthcare,B2C,Bank Transfer,0.13
TXN1057,2022-01-10,11140,10316,824,Sales,Asia-Pacific,Sales,Electronics,Enterprise,Cash,0.12
TXN1058,2022-04-22,22214,5466,16748,Marketing,Africa,IT,Electronics,SMB,PayPal,0.1
TXN1059,2023-06-20,43252,28366,14886,Marketing,Europe,Operations,Clothing,SMB,Cash,0.22
TXN1060,2022-03-15,6861,19162,-12301,R&D,Africa,HR,Software,SMB,Cash,0.07
TXN1061,2023-12-21,32272,26885,5387,R&D,North America,Operations,Software,SMB,Cash,0.11
TXN1062,2022-11-16,37345,15989,21356,R&D,North America,Sales,Healthcare,B2C,Credit Card,0.28
TXN1063,2023-01-11,47744,9993,37751,Sales,North America,Sales,Furniture,SMB,PayPal,0.17
TXN1064,2023-06-08,22776,15466,7310,Sales,Africa,IT,Electronics,SMB,Cash,0.27
TXN1065,2023-09-30,15728,5559,10169,R&D,Europe,IT,Clothing,SMB,Credit Card,0.25
TXN1066,2022-04-20,10146,10000,146,Marketing,Asia-Pacific,IT,Healthcare,B2C,Credit Card,0.12
TXN1067,2023-11-09,43814,8419,35395,Sales,North America,Marketing,Healthcare,B2C,Bank Transfer,0.21
TXN1068,2022-07-02,5671,15542,-9871,R&D,Africa,Sales,Clothing,B2C,Cash,0.29
TXN1069,2023-03-06,38206,21118,17088,Marketing,South America,IT,Healthcare,SMB,Credit Card,0.03
TXN1070,2023-01-02,26689,13554,13135,R&D,Asia-Pacific,IT,Electronics,SMB,PayPal,0.06
TXN1071,2022-06-04,33192,20626,12566,R&D,North America,IT,Healthcare,SMB,Cash,0.19
TXN1072,2023-05-26,17791,16797,994,R&D,Europe,Operations,Electronics,B2C,PayPal,0.03
TXN1073,2022-12-30,47022,12953,34069,R&D,North America,IT,Healthcare,SMB,Cash,0.1
TXN1074,2022-03-13,39969,13930,26039,R&D,Africa,Operations,Healthcare,SMB,Cash,0.27
TXN1075,2022-11-08,29902,21656,8246,R&D,Africa,Operations,Healthcare,B2B,Credit Card,0.1
TXN1076,2022-04-11,45484,20542,24942,Operations,Africa,Marketing,Healthcare,B2C,Credit Card,0.11
TXN1077,2023-10-31,16124,13751,2373,R&D,Africa,Sales,Furniture,SMB,Credit Card,0.27
TXN1078,2023-03-12,8879,20537,-11658,HR,Africa,IT,Furniture,SMB,Credit Card,0.21
TXN1079,2022-04-29,41092,16703,24389,HR,Asia-Pacific,Marketing,Electronics,SMB,Cash,0.29
TXN1080,2022-04-01,23922,20418,3504,R&D,South America,Sales,Healthcare,B2B,Cash,0.2
TXN1081,2023-07-07,46487,26782,19705,R&D,North America,Sales,Healthcare,SMB,Cash,0.25
TXN1082,2023-12-03,8211,20305,-12094,R&D,Africa,Sales,Clothing,SMB,Cash,0.14
TXN1083,2023-01-28,38672,5160,33512,Marketing,Africa,HR,Electronics,B2B,Credit Card,0.08
TXN1084,2023-07-31,29759,12647,17112,Marketing,North America,IT,Electronics,Enterprise,PayPal,0.19
TXN1085,2022-10-04,29509,7377,22132,R&D,Europe,Marketing,Electronics,B2B,Bank Transfer,0.29
TXN1086,2023-05-10,10376,19346,-8970,R&D,North America,IT,Healthcare,Enterprise,Cash,0.01
TXN1087,2022-12-26,17616,19000,-1384,Operations,Africa,Sales,Clothing,SMB,Bank Transfer,0.06
TXN1088,2022-12-22,14331,19796,-5465,Marketing,Africa,IT,Healthcare,B2B,PayPal,0.18
TXN1089,2023-09-03,7201,14815,-7614,R&D,North America,Marketing,Healthcare,B2B,Bank Transfer,0.16
TXN1090,2022-08-25,30225,29339,886,Operations,Africa,Operations,Electronics,Enterprise,Cash,0.11
TXN1091,2022-01-12,27425,27507,-82,Sales,Asia-Pacific,Finance,Clothing,B2B,PayPal,0.02
TXN1092,2023-03-18,34857,18461,16396,R&D,Europe,Marketing,Healthcare,SMB,Cash,0.18
TXN1093,2022-04-02,37579,26211,11368,Operations,Europe,IT,Clothing,B2B,Cash,0.13
TXN1094,2022-02-15,24712,29079,-4367,R&D,Africa,Operations,Electronics,B2B,PayPal,0.01
TXN1095,2022-02-22,12535,23409,-10874,HR,Africa,IT,Healthcare,SMB,Cash,0.28
TXN1096,2023-12-18,9622,9191,431,R&D,Asia-Pacific,IT,Clothing,SMB,Credit Card,0.1
TXN1097,2023-09-13,7686,26986,-19300,Marketing,Africa,Sales,Healthcare,SMB,Cash,0.24
TXN1098,2023-02-23,48791,5660,43131,R&D,Europe,Operations,Clothing,B2C,Bank Transfer,0.06
TXN1099,2023-05-13,14209,17496,-3287,R&D,North America,Sales,Healthcare,SMB,Cash,0.19
TXN1100,2022-06-15,21317,27642,-6325,R&D,Europe,Sales,Furniture,B2B,Cash,0.14
TXN1101,2022-07-11,22346,18255,4091,Marketing,South America,Marketing,Electronics,Enterprise,Credit Card,0.06
TXN1102,2023-11-25,39732,17608,22124,R&D,Africa,IT,Healthcare,Enterprise,Credit Card,0.14
TXN1103,2022-11-21,5350,22343,-16993,Operations,North America,Sales,Healthcare,Enterprise,PayPal,0.18
TXN1104,2022-11-06,38372,14656,23716,R&D,North America,Finance,Healthcare,SMB,Credit Card,0.07
TXN1105,2023-02-24,18083,14628,3455,Marketing,North America,Sales,Electronics,SMB,Credit Card,0.16
TXN1106,2022-09-17,35446,15846,19600,Operations,Africa,HR,Electronics,B2B,PayPal,0.19
TXN1107,2023-11-03,33475,8251,25224,HR,Asia-Pacific,Sales,Clothing,B2B,Credit Card,0.11
TXN1108,2022-03-28,11213,6174,5039,R&D,Africa,Sales,Healthcare,B2C,Cash,0.15
TXN1109,2023-09-05,22835,20980,1855,R&D,Africa,Operations,Electronics,SMB,Bank Transfer,0.06
TXN1110,2023-05-23,11231,21484,-10253,R&D,Africa,Sales,Healthcare,B2B,Cash,0.29
TXN1111,2023-03-31,5081,11016,-5935,Operations,North America,IT,Clothing,B2C,Cash,0.16
TXN1112,2022-11-23,26883,10308,16575,Marketing,South America,Sales,Clothing,SMB,Bank Transfer,0.0
TXN1113,2022-01-31,18467,17549,918,Sales,Africa,IT,Clothing,SMB,Bank Transfer,0.07
TXN1114,2022-06-25,36128,18933,17195,Operations,Asia-Pacific,IT,Software,B2B,Credit Card,0.15
TXN1115,2022-07-13,12459,25262,-12803,Sales,North America,IT,Furniture,Enterprise,Credit Card,0.1
TXN1116,2022-09-09,46461,20833,25628,R&D,Africa,Sales,Electronics,SMB,Bank Transfer,0.08
TXN1117,2023-07-22,48190,20644,27546,Operations,Africa,IT,Electronics,B2B,Cash,0.21
TXN1118,2023-10-20,20093,8004,12089,HR,North America,Finance,Healthcare,B2B,Cash,0.21
TXN1119,2022-12-26,48863,12618,36245,R&D,Africa,IT,Electronics,B2B,Cash,0.1
TXN1120,2023-01-12,15008,11771,3237,R&D,North America,HR,Healthcare,Enterprise,PayPal,0.26
TXN1121,2023-12-12,17315,7439,9876,HR,Asia-Pacific,Sales,Healthcare,B2B,Cash,0.19
TXN1122,2022-03-16,30918,16679,14239,Sales,Asia-Pacific,Operations,Healthcare,SMB,Credit Card,0.18
TXN1123,2023-02-15,48257,28330,19927,Operations,Africa,Operations,Electronics,SMB,Credit Card,0.22
TXN1124,2023-08-31,19140,7705,11435,Operations,Africa,Sales,Healthcare,B2C,PayPal,0.12
TXN1125,2022-11-25,13627,9003,4624,Sales,Africa,HR,Clothing,B2C,Credit Card,0.2
TXN1126,2022-09-04,42428,23523,18905,Marketing,Africa,HR,Healthcare,B2C,Credit Card,0.29
TXN1127,2023-07-29,23699,10556,13143,R&D,South America,Marketing,Healthcare,B2C,Cash,0.25
TXN1128,2022-07-08,26459,25806,653,Marketing,North America,IT,Software,SMB,Cash,0.24
TXN1129,2023-01-29,43994,19846,24148,R&D,Africa,Marketing,Healthcare,SMB,Cash,0.01
TXN1130,2022-08-05,7520,12306,-4786,Sales,Europe,IT,Healthcare,Enterprise,Cash,0.24
TXN1131,2022-06-08,38974,11387,27587,HR,Europe,Operations,Healthcare,SMB,Cash,0.15
TXN1132,2022-09-20,45477,23300,22177,R&D,Europe,Marketing,Software,Enterprise,Cash,0.27
TXN1133,2023-05-30,40140,15341,24799,HR,Europe,IT,Electronics,B2B,Cash,0.25
TXN1134,2023-06-20,38216,28981,9235,Sales,Africa,Finance,Furniture,Enterprise,Bank Transfer,0.18
TXN1135,2023-01-06,41787,25737,16050,R&D,Europe,Sales,Clothing,B2C,Credit Card,0.07
TXN1136,2023-06-12,35282,19675,15607,Marketing,Europe,IT,Software,Enterprise,Cash,0.18
TXN1137,2022-06-24,26515,28756,-2241,Sales,North America,Operations,Software,SMB,Bank Transfer,0.22
TXN1138,2022-11-04,14128,15822,-1694,Sales,Europe,IT,Healthcare,SMB,PayPal,0.23
TXN1139,2023-03-31,22070,25870,-3800,Sales,South America,Operations,Software,B2C,Cash,0.03
TXN1140,2022-05-01,22320,6924,15396,Marketing,Asia-Pacific,IT,Healthcare,B2C,PayPal,0.12
TXN1141,2022-04-04,5154,7563,-2409,R&D,Asia-Pacific,Marketing,Healthcare,B2C,Cash,0.21
TXN1142,2023-04-13,41203,17539,23664,Marketing,Africa,Sales,Healthcare,Enterprise,PayPal,0.25
TXN1143,2022-08-21,38416,25489,12927,Sales,Africa,Operations,Healthcare,B2B,Bank Transfer,0.01
TXN1144,2022-05-18,17173,3029,14144,Operations,North America,IT,Healthcare,B2B,Cash,0.02
TXN1145,2023-04-29,13610,4284,9326,Sales,North America,Finance,Healthcare,SMB,PayPal,0.14
TXN1146,2022-08-08,24107,9369,14738,R&D,South America,Sales,Healthcare,B2B,PayPal,0.22
TXN1147,2022-01-20,37760,16555,21205,R&D,Africa,IT,Healthcare,B2C,Cash,0.16
TXN1148,2022-10-20,38161,25663,12498,Sales,South America,Sales,Healthcare,B2C,Cash,0.21
TXN1149,2022-01-04,22805,4674,18131,R&D,North America,Operations,Healthcare,SMB,PayPal,0.24
TXN1150,2023-05-18,18928,8079,10849,R&D,North America,IT,Healthcare,SMB,PayPal,0.22
TXN1151,2023-12-05,28581,15317,13264,Marketing,Africa,Sales,Software,Enterprise,Cash,0.14
TXN1152,2023-01-16,40578,23639,16939,R&D,Asia-Pacific,Sales,Healthcare,B2C,Credit Card,0.26
TXN1153,2023-04-25,16877,10230,6647,Marketing,Europe,IT,Clothing,SMB,Credit Card,0.04
TXN1154,2023-03-26,29422,20073,9349,Operations,Africa,IT,Healthcare,SMB,Credit Card,0.26
TXN1155,2023-01-04,32255,18672,13583,Operations,Africa,IT,Furniture,B2B,Bank Transfer,0.04
TXN1156,2023-08-15,6959,6859,100,Sales,North America,Finance,Software,Enterprise,Cash,0.18
TXN1157,2023-08-14,40306,24210,16096,Operations,Africa,Marketing,Clothing,SMB,Credit Card,0.17
TXN1158,2023-01-17,44259,3448,40811,R&D,Africa,IT,Furniture,B2C,Credit Card,0.28
TXN1159,2022-10-03,31148,16124,15024,Sales,North America,IT,Furniture,Enterprise,PayPal,0.11
TXN1160,2022-08-07,19577,24342,-4765,R&D,Europe,Operations,Clothing,SMB,PayPal,0.12
TXN1161,2022-02-20,37951,20402,17549,R&D,Asia-Pacific,Marketing,Furniture,B2B,Cash,0.26
TXN1162,2023-03-01,33198,7317,25881,R&D,Asia-Pacific,IT,Furniture,B2B,Credit Card,0.08
TXN1163,2023-08-25,40996,8894,32102,R&D,Africa,Finance,Healthcare,SMB,Cash,0.2
TXN1164,2022-03-07,22447,28469,-6022,R&D,South America,IT,Clothing,B2B,Credit Card,0.28
TXN1165,2023-09-14,25899,8596,17303,Sales,Africa,IT,Healthcare,SMB,Bank Transfer,0.24
TXN1166,2022-04-07,34669,25211,9458,R&D,Europe,IT,Electronics,Enterprise,Credit Card,0.01
TXN1167,2023-08-21,46154,26033,20121,Sales,Asia-Pacific,Marketing,Electronics,B2B,Cash,0.11
TXN1168,2023-08-20,16213,25051,-8838,Marketing,North America,Marketing,Healthcare,B2B,Credit Card,0.14
TXN1169,2023-09-05,29939,13664,16275,R&D,Europe,Operations,Electronics,SMB,Bank Transfer,0.13
TXN1170,2023-05-30,24082,19627,4455,Operations,North America,IT,Software,SMB,Bank Transfer,0.16
TXN1171,2022-05-04,10799,28501,-17702,R&D,Europe,IT,Electronics,SMB,Bank Transfer,0.1
TXN1172,2023-11-27,31173,5385,25788,R&D,Europe,Marketing,Healthcare,B2B,Cash,0.09
TXN1173,2022-01-27,5984,12127,-6143,Sales,Africa,Finance,Electronics,B2C,PayPal,0.29
TXN1174,2022-07-04,11460,25629,-14169,R&D,Africa,Sales,Healthcare,SMB,Cash,0.26
TXN1175,2023-03-04,45197,19620,25577,Marketing,Asia-Pacific,Marketing,Clothing,Enterprise,Credit Card,0.07
TXN1176,2023-10-16,5369,21024,-15655,Sales,North America,IT,Electronics,SMB,Credit Card,0.25
TXN1177,2023-07-21,11760,11987,-227,Operations,Europe,Marketing,Electronics,SMB,PayPal,0.17
TXN1178,2022-08-28,26801,11311,15490,R&D,Africa,IT,Healthcare,B2B,Bank Transfer,0.18
TXN1179,2023-07-31,24833,20129,4704,R&D,Africa,Sales,Healthcare,B2B,Credit Card,0.28
TXN1180,2023-07-19,43971,29311,14660,R&D,Africa,IT,Healthcare,SMB,Cash,0.04
TXN1181,2022-06-05,8677,10615,-1938,Sales,Europe,IT,Electronics,SMB,Credit Card,0.25
TXN1182,2022-09-24,14147,13059,1088,R&D,Europe,IT,Healthcare,B2C,Credit Card,0.16
TXN1183,2023-02-10,34524,14884,19640,R&D,Asia-Pacific,IT,Furniture,SMB,PayPal,0.22
TXN1184,2022-11-15,28736,4934,23802,Marketing,Africa,Finance,Clothing,B2B,Cash,0.29
TXN1185,2022-09-06,41963,6191,35772,R&D,Asia-Pacific,Operations,Healthcare,B2C,Cash,0.21
TXN1186,2023-08-27,44927,11798,33129,R&D,North America,Marketing,Software,B2B,Bank Transfer,0.11
TXN1187,2023-11-09,13468,12513,955,Sales,Africa,IT,Electronics,SMB,Bank Transfer,0.19
TXN1188,2023-02-05,31038,7724,23314,Marketing,Africa,Sales,Electronics,SMB,Cash,0.07
TXN1189,2023-12-30,42818,20692,22126,R&D,Europe,IT,Healthcare,Enterprise,Bank Transfer,0.27
TXN1190,2023-02-07,29455,3958,25497,R&D,South America,Finance,Healthcare,B2C,Credit Card,0.19
TXN1191,2022-09-01,46570,23917,22653,R&D,Africa,IT,Software,SMB,Bank Transfer,0.26
TXN1192,2022-05-23,7387,13916,-6529,Sales,North America,IT,Furniture,SMB,Credit Card,0.08
TXN1193,2023-01-27,12481,9236,3245,Operations,Africa,Finance,Software,B2B,Cash,0.24
TXN1194,2022-09-13,29533,6566,22967,R&D,Europe,IT,Healthcare,B2B,PayPal,0.16
TXN1195,2022-11-27,14612,13021,1591,Sales,Europe,IT,Electronics,SMB,Cash,0.01
TXN1196,2023-01-31,28579,19025,9554,R&D,Europe,IT,Healthcare,SMB,PayPal,0.03
TXN1197,2022-05-21,17422,4717,12705,HR,Europe,Sales,Healthcare,Enterprise,Cash,0.26
TXN1198,2023-02-17,13084,22734,-9650,HR,North America,IT,Healthcare,SMB,Bank Transfer,0.0
TXN1199,2022-01-02,43292,10126,33166,HR,Africa,HR,Furniture,B2C,Bank Transfer,0.09
TXN1200,2022-06-12,47923,21316,26607,Marketing,Asia-Pacific,IT,Electronics,SMB,Cash,0.04
TXN1201,2022-09-07,30683,29624,1059,HR,Asia-Pacific,Sales,Software,SMB,Credit Card,0.25
TXN1202,2023-01-05,31304,8078,23226,R&D,Asia-Pacific,IT,Healthcare,SMB,Credit Card,0.06
TXN1203,2023-03-22,43211,19556,23655,Operations,North America,Sales,Healthcare,SMB,Cash,0.24
TXN1204,2023-03-16,30799,6371,24428,Operations,North America,IT,Software,B2C,Cash,0.26
TXN1205,2023-05-20,28308,5958,22350,HR,Asia-Pacific,IT,Software,Enterprise,PayPal,0.25
TXN1206,2023-03-11,16219,13896,2323,Marketing,South America,IT,Electronics,SMB,Credit Card,0.07
TXN1207,2022-11-22,36936,14321,22615,Marketing,Africa,IT,Healthcare,Enterprise,Cash,0.18
TXN1208,2022-12-29,26669,28957,-2288,HR,North America,Marketing,Clothing,SMB,Cash,0.05
TXN1209,2022-01-10,16459,22709,-6250,R&D,Asia-Pacific,Operations,Software,SMB,Cash,0.0
TXN1210,2022-07-01,40264,26250,14014,R&D,Europe,Sales,Healthcare,Enterprise,Credit Card,0.01
TXN1211,2022-09-27,17804,29543,-11739,Marketing,Europe,IT,Furniture,B2B,PayPal,0.02
TXN1212,2023-05-03,5435,6622,-1187,R&D,Africa,Finance,Electronics,B2C,Cash,0.13
TXN1213,2023-02-04,20584,21507,-923,Marketing,Africa,IT,Healthcare,Enterprise,Cash,0.0
TXN1214,2022-11-25,11638,8166,3472,Operations,Africa,Sales,Healthcare,SMB,Bank Transfer,0.21
TXN1215,2022-06-11,15526,20003,-4477,Marketing,Asia-Pacific,Marketing,Healthcare,B2B,Bank Transfer,0.01
TXN1216,2022-07-03,21489,14195,7294,Operations,Europe,HR,Clothing,Enterprise,Cash,0.21
TXN1217,2023-06-12,48302,15938,32364,R&D,Africa,IT,Clothing,B2B,PayPal,0.08
TXN1218,2022-11-15,35758,11297,24461,Operations,Europe,HR,Healthcare,B2C,Credit Card,0.2
TXN1219,2023-07-19,40906,19697,21209,R&D,Africa,Marketing,Furniture,B2B,PayPal,0.01
TXN1220,2022-10-30,47961,22652,25309,Sales,Europe,IT,Clothing,B2C,Credit Card,0.07
TXN1221,2022-07-21,34375,23837,10538,Sales,Asia-Pacific,Sales,Healthcare,SMB,Cash,0.19
TXN1222,2023-02-23,12760,25385,-12625,R&D,Asia-Pacific,IT,Electronics,SMB,Credit Card,0.21
TXN1223,2023-09-13,45121,5721,39400,Marketing,North America,HR,Electronics,B2B,Cash,0.05
TXN1224,2022-05-18,42154,8200,33954,Sales,North America,HR,Healthcare,SMB,Credit Card,0.0
TXN1225,2022-08-30,47885,27859,20026,Marketing,Africa,HR,Healthcare,B2C,Cash,0.14
TXN1226,2022-08-21,42699,17414,25285,Marketing,Europe,HR,Healthcare,SMB,Cash,0.23
TXN1227,2023-07-14,24122,14987,9135,R&D,North America,Operations,Healthcare,B2C,Bank Transfer,0.15
TXN1228,2023-10-05,14235,15895,-1660,Operations,Africa,IT,Software,SMB,PayPal,0.18
TXN1229,2022-05-09,45031,28239,16792,R&D,South America,Operations,Healthcare,B2B,Credit Card,0.06
TXN1230,2022-11-04,27036,26688,348,Operations,Asia-Pacific,Finance,Software,SMB,Cash,0.13
TXN1231,2023-01-04,34729,22552,12177,Sales,Africa,HR,Healthcare,B2C,Cash,0.14
TXN1232,2022-04-25,33605,16294,17311,R&D,Africa,IT,Furniture,SMB,Credit Card,0.28
TXN1233,2023-09-04,17750,15818,1932,R&D,Africa,Sales,Electronics,B2B,PayPal,0.14
TXN1234,2022-07-06,16077,7820,8257,Operations,Africa,IT,Healthcare,B2B,Bank Transfer,0.15
TXN1235,2023-02-03,46261,9219,37042,Operations,Africa,IT,Healthcare,B2C,PayPal,0.26
TXN1236,2023-07-19,25561,27233,-1672,R&D,South America,HR,Furniture,B2C,Cash,0.28
TXN1237,2023-06-24,33602,9021,24581,R&D,Africa,Marketing,Healthcare,B2B,Bank Transfer,0.19
TXN1238,2022-01-13,25448,3137,22311,Operations,Africa,IT,Clothing,SMB,Cash,0.21
TXN1239,2022-03-12,29988,25763,4225,R&D,North America,IT,Healthcare,SMB,Credit Card,0.29
TXN1240,2022-05-04,43657,21272,22385,HR,Africa,Operations,Software,B2B,PayPal,0.28
TXN1241,2022-02-23,11519,27317,-15798,Sales,South America,IT,Healthcare,SMB,PayPal,0.1
TXN1242,2023-12-27,25954,21674,4280,Sales,Africa,IT,Healthcare,SMB,Credit Card,0.12
TXN1243,2023-02-19,32482,26217,6265,Operations,South America,IT,Software,Enterprise,Cash,0.11
TXN1244,2022-11-13,6280,21098,-14818,R&D,Asia-Pacific,Sales,Healthcare,SMB,Cash,0.08
TXN1245,2023-01-12,44889,27694,17195,R&D,South America,IT,Clothing,SMB,Cash,0.23
TXN1246,2022-07-17,20685,6584,14101,Sales,North America,Sales,Electronics,SMB,Credit Card,0.12
TXN1247,2022-11-28,32905,16575,16330,HR,Asia-Pacific,Sales,Software,SMB,Credit Card,0.05
TXN1248,2023-09-14,14074,3216,10858,Sales,Asia-Pacific,HR,Healthcare,B2C,Credit Card,0.07
TXN1249,2023-03-16,47418,10452,36966,R&D,Europe,Marketing,Healthcare,SMB,Cash,0.17
TXN1250,2023-12-11,23841,11866,11975,R&D,Europe,IT,Healthcare,B2B,Cash,0.2
TXN1251,2023-05-03,29654,10398,19256,Operations,Africa,Operations,Healthcare,B2B,Bank Transfer,0.29
TXN1252,2022-07-23,32684,22479,10205,Sales,Europe,Operations,Clothing,B2C,Credit Card,0.03
TXN1253,2022-09-03,22514,5004,17510,R&D,Africa,Sales,Clothing,SMB,Cash,0.26
TXN1254,2023-09-10,40063,19230,20833,R&D,Africa,IT,Healthcare,SMB,PayPal,0.12
TXN1255,2022-09-14,19614,23212,-3598,Marketing,Africa,HR,Healthcare,SMB,Bank Transfer,0.01
TXN1256,2023-09-25,12616,19607,-6991,Marketing,South America,IT,Electronics,SMB,Cash,0.05
TXN1257,2023-05-21,49312,23198,26114,Operations,Africa,IT,Healthcare,Enterprise,PayPal,0.23
TXN1258,2022-11-30,27318,9957,17361,Operations,Africa,Sales,Clothing,SMB,PayPal,0.03
TXN1259,2023-07-31,6079,21632,-15553,Operations,Europe,Operations,Healthcare,SMB,Credit Card,0.04
TXN1260,2022-05-19,24134,11704,12430,R&D,Africa,IT,Healthcare,SMB,Cash,0.17
TXN1261,2023-05-29,45079,27239,17840,Operations,Asia-Pacific,IT,Clothing,SMB,Cash,0.06
TXN1262,2022-10-06,33861,13159,20702,R&D,North America,Marketing,Software,B2B,Cash,0.03
TXN1263,2023-05-19,39530,24596,14934,R&D,South America,IT,Software,B2B,Cash,0.11
TXN1264,2023-09-06,46320,17628,28692,Marketing,North America,Operations,Clothing,SMB,Cash,0.19
TXN1265,2022-09-26,47468,15006,32462,Operations,Europe,IT,Healthcare,B2C,PayPal,0.06
TXN1266,2023-07-30,9308,20771,-11463,R&D,South America,Sales,Electronics,B2C,Credit Card,0.13
TXN1267,2023-04-29,31402,6624,24778,Sales,North America,Sales,Healthcare,B2C,Cash,0.26
TXN1268,2022-04-07,38264,18346,19918,R&D,Asia-Pacific,IT,Clothing,SMB,Cash,0.08
TXN1269,2023-07-05,6424,26634,-20210,R&D,North America,IT,Clothing,Enterprise,Cash,0.2
TXN1270,2023-07-27,47338,25804,21534,R&D,Europe,HR,Healthcare,B2C,PayPal,0.12
TXN1271,2022-03-04,49150,24361,24789,R&D,Africa,IT,Healthcare,B2B,Credit Card,0.25
TXN1272,2022-09-21,30654,7424,23230,HR,Europe,IT,Furniture,B2C,Bank Transfer,0.05
TXN1273,2022-12-22,48486,6138,42348,Marketing,Africa,Sales,Healthcare,B2C,Bank Transfer,0.14
TXN1274,2022-12-26,15285,29604,-14319,Operations,Europe,HR,Healthcare,B2B,PayPal,0.22
TXN1275,2023-07-21,44034,23669,20365,Sales,Europe,IT,Clothing,SMB,Cash,0.11
TXN1276,2023-08-01,20874,7765,13109,Operations,Africa,IT,Clothing,B2B,Cash,0.25
TXN1277,2022-04-13,43883,25436,18447,Operations,South America,Sales,Healthcare,B2B,PayPal,0.21
TXN1278,2023-02-20,7444,7263,181,Sales,Africa,Marketing,Electronics,SMB,Cash,0.04
TXN1279,2022-02-08,45759,9146,36613,Marketing,Africa,IT,Healthcare,Enterprise,Cash,0.12
TXN1280,2022-04-14,17799,13972,3827,Marketing,Asia-Pacific,IT,Furniture,B2C,Credit Card,0.03
TXN1281,2023-01-13,17828,10837,6991,Sales,Africa,Finance,Healthcare,B2B,Cash,0.15
TXN1282,2022-10-03,39008,14533,24475,R&D,South America,IT,Electronics,Enterprise,Bank Transfer,0.07
TXN1283,2022-02-17,47095,24738,22357,HR,South America,IT,Clothing,SMB,Credit Card,0.28
TXN1284,2023-05-19,21774,21279,495,HR,Asia-Pacific,Marketing,Healthcare,Enterprise,PayPal,0.16
TXN1285,2022-04-01,15617,16712,-1095,R&D,Africa,Marketing,Clothing,Enterprise,Cash,0.25
TXN1286,2023-05-06,19151,18857,294,Sales,Africa,Operations,Healthcare,B2B,Bank Transfer,0.05
TXN1287,2022-09-14,28806,9274,19532,R&D,Africa,Finance,Healthcare,Enterprise,PayPal,0.1
TXN1288,2022-11-06,36922,27116,9806,Marketing,North America,IT,Healthcare,SMB,PayPal,0.06
TXN1289,2022-05-14,26341,24048,2293,Marketing,North America,Finance,Clothing,B2B,Cash,0.11
TXN1290,2023-01-16,34426,28612,5814,R&D,Europe,IT,Healthcare,B2C,Bank Transfer,0.04
TXN1291,2022-10-01,46302,14726,31576,R&D,South America,Sales,Clothing,Enterprise,Bank Transfer,0.21
TXN1292,2022-12-23,43657,29153,14504,R&D,Africa,HR,Electronics,B2B,Cash,0.19
TXN1293,2022-01-08,46854,21494,25360,R&D,Africa,IT,Software,Enterprise,PayPal,0.0
TXN1294,2022-12-08,37140,11971,25169,R&D,Europe,IT,Software,B2B,Bank Transfer,0.02
TXN1295,2022-08-11,45209,26710,18499,HR,North America,Operations,Electronics,B2C,Credit Card,0.06
TXN1296,2023-10-14,28949,22476,6473,Operations,Africa,Finance,Healthcare,B2B,Credit Card,0.04
TXN1297,2023-06-09,17864,17550,314,R&D,Europe,Operations,Healthcare,SMB,Cash,0.11
TXN1298,2023-05-25,24018,9899,14119,Marketing,Africa,Operations,Healthcare,B2B,Credit Card,0.09
TXN1299,2022-02-04,7726,18512,-10786,Sales,Africa,IT,Electronics,SMB,Cash,0.01
TXN1300,2023-03-13,48303,17721,30582,R&D,North America,Marketing,Healthcare,B2C,Credit Card,0.25
TXN1301,2023-09-10,17929,6484,11445,R&D,Africa,IT,Electronics,SMB,PayPal,0.29
TXN1302,2023-12-30,47036,29002,18034,HR,Africa,IT,Furniture,SMB,Cash,0.15
TXN1303,2022-10-24,49460,8226,41234,Marketing,Africa,Marketing,Healthcare,SMB,PayPal,0.1
TXN1304,2022-04-09,21572,26879,-5307,R&D,Africa,Sales,Electronics,SMB,Cash,0.08
TXN1305,2022-09-10,11263,10667,596,R&D,Europe,Marketing,Software,B2B,Credit Card,0.22
TXN1306,2022-04-16,18333,9782,8551,Sales,Europe,Sales,Software,B2C,Cash,0.15
TXN1307,2022-10-16,35606,15324,20282,Sales,Europe,IT,Electronics,Enterprise,Credit Card,0.11
TXN1308,2022-08-07,29565,23072,6493,R&D,South America,HR,Furniture,B2B,Cash,0.08
TXN1309,2023-08-20,21182,12972,8210,HR,North America,IT,Healthcare,Enterprise,Cash,0.26
TXN1310,2022-01-27,7552,16047,-8495,Sales,North America,Finance,Electronics,Enterprise,Cash,0.15
TXN1311,2023-08-01,36390,28146,8244,Marketing,North America,IT,Furniture,SMB,Bank Transfer,0.08
TXN1312,2023-03-04,34415,23013,11402,Sales,Africa,IT,Furniture,Enterprise,Credit Card,0.06
TXN1313,2022-12-20,7292,20406,-13114,Marketing,Asia-Pacific,Marketing,Clothing,SMB,Cash,0.28
TXN1314,2023-05-15,29246,23733,5513,R&D,Africa,Sales,Electronics,B2C,Bank Transfer,0.0
TXN1315,2023-10-01,23372,22000,1372,Sales,Africa,Marketing,Healthcare,B2C,Cash,0.23
TXN1316,2023-01-02,6111,19563,-13452,R&D,Africa,IT,Healthcare,SMB,Credit Card,0.2
TXN1317,2023-12-10,26124,12529,13595,R&D,Asia-Pacific,Sales,Healthcare,SMB,Credit Card,0.22
TXN1318,2022-05-07,14186,26877,-12691,R&D,Asia-Pacific,IT,Electronics,B2B,Bank Transfer,0.09
TXN1319,2022-05-27,26730,7063,19667,R&D,Africa,IT,Healthcare,SMB,Credit Card,0.17
TXN1320,2023-03-12,5183,9904,-4721,Sales,North America,Marketing,Clothing,Enterprise,Bank Transfer,0.04
TXN1321,2023-06-19,38434,24033,14401,HR,Asia-Pacific,IT,Healthcare,SMB,Credit Card,0.11
TXN1322,2023-12-27,36309,27577,8732,R&D,North America,IT,Healthcare,B2B,Credit Card,0.03
TXN1323,2022-08-05,37157,14602,22555,Marketing,North America,Operations,Furniture,B2C,Credit Card,0.05
TXN1324,2022-02-05,20584,3064,17520,R&D,Europe,IT,Healthcare,Enterprise,Cash,0.22
TXN1325,2022-07-01,27732,25832,1900,R&D,Europe,Sales,Healthcare,B2B,Credit Card,0.01
TXN1326,2022-02-20,32079,16783,15296,Sales,Africa,IT,Healthcare,Enterprise,Credit Card,0.23
TXN1327,2023-03-19,40775,17983,22792,HR,Africa,HR,Healthcare,SMB,Cash,0.22
TXN1328,2022-01-10,24313,23637,676,Marketing,Europe,Operations,Clothing,SMB,Cash,0.26
TXN1329,2022-09-25,28284,26417,1867,R&D,North America,Sales,Clothing,B2B,Cash,0.19
TXN1330,2022-04-06,48604,5274,43330,Operations,North America,IT,Electronics,SMB,Credit Card,0.09
TXN1331,2022-02-08,41117,14985,26132,Marketing,North America,Operations,Healthcare,SMB,Credit Card,0.23
TXN1332,2023-10-12,8796,15746,-6950,R&D,North America,Operations,Healthcare,SMB,Credit Card,0.11
TXN1333,2023-04-13,42598,8151,34447,Sales,Africa,Sales,Electronics,B2C,Credit Card,0.25
TXN1334,2023-01-30,14976,18109,-3133,R&D,Africa,Finance,Healthcare,SMB,Cash,0.07
TXN1335,2023-04-12,12666,9879,2787,HR,Asia-Pacific,IT,Furniture,SMB,Bank Transfer,0.27
TXN1336,2023-04-27,41921,28623,13298,R&D,Africa,Marketing,Electronics,SMB,Bank Transfer,0.01
TXN1337,2023-01-18,7505,12646,-5141,R&D,Africa,Marketing,Electronics,B2B,Bank Transfer,0.29
TXN1338,2022-01-13,11980,21038,-9058,Operations,Africa,IT,Clothing,B2B,Cash,0.02
TXN1339,2022-04-28,11728,8285,3443,Operations,Africa,IT,Healthcare,B2C,PayPal,0.04
TXN1340,2022-11-01,48393,27565,20828,Sales,Europe,Sales,Electronics,B2B,PayPal,0.27
TXN1341,2023-12-15,45371,20831,24540,Sales,Africa,Operations,Electronics,SMB,Bank Transfer,0.09
TXN1342,2023-07-04,7461,8771,-1310,R&D,North America,Marketing,Healthcare,B2B,Cash,0.07
TXN1343,2023-05-05,11652,3186,8466,Marketing,Africa,IT,Healthcare,Enterprise,Cash,0.28
TXN1344,2023-11-24,17509,20565,-3056,Sales,Asia-Pacific,IT,Healthcare,B2B,Cash,0.02
TXN1345,2022-06-30,30653,19027,11626,R&D,South America,IT,Healthcare,SMB,Cash,0.27
TXN1346,2023-10-04,36556,20138,16418,R&D,Africa,IT,Clothing,B2C,Bank Transfer,0.28
TXN1347,2023-09-12,48297,20743,27554,R&D,Africa,IT,Clothing,SMB,Cash,0.21
TXN1348,2022-07-26,11075,10551,524,Sales,Europe,Marketing,Healthcare,Enterprise,Bank Transfer,0.14
TXN1349,2022-05-26,14455,13024,1431,Marketing,South America,IT,Healthcare,SMB,PayPal,0.24
TXN1350,2023-05-23,32043,12021,20022,Marketing,Africa,IT,Healthcare,SMB,Cash,0.07
TXN1351,2022-03-28,36094,12551,23543,Sales,South America,Marketing,Healthcare,SMB,Cash,0.1
TXN1352,2022-12-21,31552,24236,7316,Operations,Asia-Pacific,HR,Software,SMB,Credit Card,0.02
TXN1353,2022-05-22,22889,4006,18883,Marketing,Asia-Pacific,Finance,Clothing,B2C,Cash,0.08
TXN1354,2022-10-27,16187,23232,-7045,R&D,Europe,IT,Furniture,B2C,Credit Card,0.21
TXN1355,2023-11-23,21355,23241,-1886,R&D,Africa,Marketing,Healthcare,B2C,Bank Transfer,0.07
TXN1356,2022-07-14,8014,17448,-9434,Sales,Africa,IT,Clothing,B2C,Bank Transfer,0.04
TXN1357,2023-08-23,29602,10016,19586,R&D,Africa,IT,Electronics,SMB,Cash,0.18
TXN1358,2022-06-19,43274,18884,24390,R&D,Africa,IT,Electronics,SMB,Cash,0.18
TXN1359,2022-12-14,24934,29721,-4787,R&D,Africa,Marketing,Clothing,Enterprise,Cash,0.04
TXN1360,2022-11-04,13345,20000,-6655,R&D,Asia-Pacific,IT,Software,Enterprise,Cash,0.16
TXN1361,2022-01-03,40722,25376,15346,R&D,North America,IT,Healthcare,B2C,Cash,0.23
TXN1362,2022-09-07,48959,5416,43543,R&D,Asia-Pacific,IT,Healthcare,B2B,Cash,0.02
TXN1363,2023-09-09,18463,17291,1172,R&D,Africa,HR,Software,SMB,Credit Card,0.24
TXN1364,2022-10-06,46857,16699,30158,Marketing,Africa,IT,Electronics,B2B,Credit Card,0.03
TXN1365,2023-01-18,40670,23801,16869,Marketing,Africa,IT,Software,B2C,Credit Card,0.08
TXN1366,2022-09-09,38807,14680,24127,R&D,Europe,IT,Clothing,SMB,Cash,0.13
TXN1367,2022-07-18,41797,17882,23915,R&D,Europe,Sales,Clothing,B2C,Cash,0.26
TXN1368,2023-05-19,26282,14053,12229,R&D,Africa,Marketing,Software,B2C,Credit Card,0.05
TXN1369,2022-12-16,18662,9042,9620,R&D,Africa,Marketing,Healthcare,SMB,Credit Card,0.08
TXN1370,2023-09-12,24031,14663,9368,R&D,Africa,Finance,Healthcare,SMB,Cash,0.03
TXN1371,2022-09-23,20414,18317,2097,HR,Europe,Marketing,Healthcare,SMB,Credit Card,0.01
TXN1372,2022-11-05,23791,27833,-4042,Marketing,Africa,HR,Software,SMB,Credit Card,0.03
TXN1373,2023-01-09,44091,10633,33458,R&D,Africa,Finance,Electronics,Enterprise,Bank Transfer,0.09
TXN1374,2023-09-16,27690,16547,11143,R&D,Asia-Pacific,IT,Healthcare,SMB,Cash,0.2
TXN1375,2022-05-24,19955,21369,-1414,HR,South America,IT,Furniture,SMB,Cash,0.21
TXN1376,2023-11-11,18452,28913,-10461,HR,Africa,IT,Electronics,B2B,PayPal,0.22
TXN1377,2022-10-09,12781,25488,-12707,R&D,Asia-Pacific,IT,Healthcare,B2B,Cash,0.26
TXN1378,2023-07-10,10380,22551,-12171,Marketing,South America,Sales,Healthcare,B2C,Credit Card,0.1
TXN1379,2022-09-10,20222,18570,1652,Marketing,Europe,Sales,Electronics,Enterprise,Credit Card,0.08
TXN1380,2022-08-28,15933,4243,11690,Operations,Europe,Finance,Healthcare,SMB,Credit Card,0.0
TXN1381,2022-03-24,5292,8086,-2794,R&D,Africa,IT,Healthcare,B2B,PayPal,0.04
TXN1382,2023-02-06,48072,6076,41996,R&D,Africa,IT,Healthcare,B2C,PayPal,0.02
TXN1383,2023-05-22,19337,24817,-5480,R&D,Africa,IT,Healthcare,SMB,Credit Card,0.04
TXN1384,2022-11-17,13636,8679,4957,Marketing,Africa,Finance,Electronics,SMB,Cash,0.06
TXN1385,2022-03-15,12012,25054,-13042,Sales,Africa,IT,Electronics,B2B,Cash,0.03
TXN1386,2023-03-29,20415,22056,-1641,R&D,North America,IT,Software,B2C,Credit Card,0.27
TXN1387,2023-02-13,10668,25862,-15194,R&D,Africa,IT,Healthcare,SMB,Credit Card,0.15
TXN1388,2022-01-23,31200,14069,17131,R&D,Europe,HR,Healthcare,Enterprise,Cash,0.16
TXN1389,2022-05-25,31938,23694,8244,HR,Africa,IT,Healthcare,SMB,Credit Card,0.16
TXN1390,2022-10-11,17032,20692,-3660,R&D,Asia-Pacific,Sales,Software,SMB,Credit Card,0.05
TXN1391,2023-08-15,26709,10022,16687,R&D,Africa,Sales,Clothing,B2C,PayPal,0.02
TXN1392,2022-11-07,23644,4336,19308,Marketing,North America,Finance,Electronics,SMB,Credit Card,0.0
TXN1393,2022-08-20,23128,9019,14109,R&D,Africa,HR,Software,SMB,PayPal,0.04
TXN1394,2022-07-15,36294,16369,19925,Marketing,Africa,Operations,Software,SMB,Bank Transfer,0.28
TXN1395,2023-10-23,14630,19760,-5130,R&D,North America,IT,Healthcare,B2C,Bank Transfer,0.29
TXN1396,2023-09-03,46470,13830,32640,Sales,Africa,Finance,Software,Enterprise,Credit Card,0.26
TXN1397,2023-05-16,37838,18133,19705,R&D,Asia-Pacific,Marketing,Software,SMB,Cash,0.04
TXN1398,2023-03-25,5440,28128,-22688,Sales,Africa,IT,Software,B2C,Cash,0.23
TXN1399,2023-07-01,47314,5025,42289,Operations,Africa,Sales,Electronics,Enterprise,PayPal,0.09
TXN1400,2022-08-17,27513,10800,16713,R&D,North America,Sales,Healthcare,SMB,Cash,0.06
TXN1401,2022-07-07,48164,9638,38526,R&D,South America,Marketing,Furniture,B2B,PayPal,0.23
TXN1402,2023-10-10,32982,15932,17050,Marketing,Africa,IT,Software,B2C,Cash,0.07
TXN1403,2023-09-07,20295,23409,-3114,R&D,Africa,Operations,Healthcare,SMB,Cash,0.18
TXN1404,2022-07-22,8566,26072,-17506,Sales,Asia-Pacific,IT,Healthcare,Enterprise,Cash,0.29
TXN1405,2022-04-23,27541,21912,5629,HR,South America,IT,Healthcare,B2C,Bank Transfer,0.01
TXN1406,2023-04-06,39042,10395,28647,HR,Africa,Operations,Electronics,B2C,Bank Transfer,0.07
TXN1407,2022-02-27,18312,8552,9760,Marketing,Africa,IT,Software,B2C,Cash,0.22
TXN1408,2023-12-10,21805,19800,2005,Sales,Europe,IT,Software,Enterprise,Credit Card,0.1
TXN1409,2023-05-07,19464,15936,3528,R&D,Asia-Pacific,IT,Healthcare,B2B,Bank Transfer,0.1
TXN1410,2022-10-28,9927,24565,-14638,Marketing,Africa,HR,Clothing,SMB,Cash,0.08
TXN1411,2022-07-07,16727,5817,10910,Sales,Africa,IT,Clothing,SMB,Credit Card,0.19
TXN1412,2023-10-31,40371,16090,24281,Marketing,Africa,Marketing,Clothing,Enterprise,PayPal,0.17
TXN1413,2022-11-24,46113,18108,28005,Sales,South America,IT,Healthcare,B2B,Cash,0.12
TXN1414,2022-08-28,30084,4130,25954,R&D,Asia-Pacific,Marketing,Healthcare,SMB,Cash,0.27
TXN1415,2023-09-20,42606,23296,19310,Marketing,Europe,IT,Clothing,SMB,Credit Card,0.03
TXN1416,2023-12-12,35334,15625,19709,R&D,Europe,IT,Healthcare,SMB,Cash,0.12
TXN1417,2022-06-11,25491,27081,-1590,R&D,North America,IT,Healthcare,SMB,Bank Transfer,0.29
TXN1418,2023-12-12,5374,12537,-7163,R&D,North America,HR,Healthcare,B2B,Bank Transfer,0.28
TXN1419,2023-02-04,41236,18705,22531,R&D,South America,Marketing,Software,SMB,PayPal,0.09
TXN1420,2022-05-07,44361,10017,34344,R&D,North America,Finance,Electronics,SMB,Bank Transfer,0.26
TXN1421,2022-06-10,37813,17955,19858,R&D,South America,IT,Clothing,B2C,Credit Card,0.02
TXN1422,2022-12-09,6437,12937,-6500,R&D,Asia-Pacific,Marketing,Healthcare,Enterprise,Credit Card,0.26
TXN1423,2023-06-22,29648,11420,18228,Operations,Africa,Operations,Software,B2C,PayPal,0.29
TXN1424,2022-04-01,44019,6461,37558,R&D,Africa,IT,Electronics,SMB,Cash,0.04
TXN1425,2022-03-20,16696,4926,11770,Sales,Africa,Sales,Electronics,SMB,Credit Card,0.24
TXN1426,2022-10-13,5544,26014,-20470,R&D,Africa,IT,Software,B2B,Cash,0.03
TXN1427,2022-04-06,6815,6509,306,Marketing,Africa,Finance,Healthcare,B2B,Cash,0.1
TXN1428,2022-03-18,47386,28462,18924,R&D,North America,IT,Healthcare,B2C,Cash,0.24
TXN1429,2023-11-03,16047,21902,-5855,Sales,Africa,Finance,Healthcare,SMB,Cash,0.26
TXN1430,2022-03-29,28300,6260,22040,R&D,Africa,IT,Furniture,Enterprise,Credit Card,0.08
TXN1431,2023-04-29,49031,3666,45365,Sales,Africa,Operations,Healthcare,Enterprise,Bank Transfer,0.15
TXN1432,2022-09-19,41531,19184,22347,Operations,North America,IT,Electronics,B2B,Credit Card,0.03
TXN1433,2022-01-24,33086,10777,22309,R&D,Africa,Operations,Software,SMB,Cash,0.01
TXN1434,2022-12-26,31376,22176,9200,R&D,Africa,Marketing,Healthcare,B2C,Credit Card,0.04
TXN1435,2023-07-23,29452,22182,7270,R&D,Asia-Pacific,Marketing,Furniture,SMB,PayPal,0.29
TXN1436,2023-06-17,15571,22697,-7126,Sales,South America,Operations,Electronics,B2C,Credit Card,0.07
TXN1437,2022-06-18,12609,17126,-4517,R&D,Asia-Pacific,HR,Healthcare,B2B,Credit Card,0.13
TXN1438,2023-10-30,38467,29551,8916,Operations,North America,HR,Healthcare,SMB,PayPal,0.02
TXN1439,2022-04-30,26578,28130,-1552,R&D,Africa,Marketing,Healthcare,B2B,Credit Card,0.02
TXN1440,2022-02-14,39381,7750,31631,R&D,Europe,Sales,Healthcare,SMB,Cash,0.21
TXN1441,2022-09-08,26777,29436,-2659,R&D,Africa,IT,Electronics,SMB,Bank Transfer,0.15
TXN1442,2022-01-03,48704,10904,37800,HR,Africa,Sales,Furniture,B2B,PayPal,0.0
TXN1443,2022-09-11,16160,24073,-7913,Sales,South America,IT,Electronics,SMB,Bank Transfer,0.12
TXN1444,2022-05-08,14095,24297,-10202,Sales,Europe,IT,Electronics,SMB,Credit Card,0.13
TXN1445,2023-05-31,38072,28126,9946,R&D,North America,IT,Clothing,SMB,PayPal,0.28
TXN1446,2023-01-19,48556,22060,26496,R&D,North America,Sales,Clothing,B2B,Cash,0.03
TXN1447,2023-04-02,33598,17082,16516,R&D,South America,HR,Clothing,B2C,Cash,0.22
TXN1448,2022-05-28,19112,7517,11595,Sales,North America,HR,Furniture,SMB,Credit Card,0.13
TXN1449,2022-12-09,40774,4186,36588,R&D,North America,Finance,Electronics,SMB,PayPal,0.13
TXN1450,2022-02-02,48251,5082,43169,R&D,Europe,Finance,Clothing,B2C,Bank Transfer,0.03
TXN1451,2023-02-16,18588,6770,11818,Operations,North America,IT,Healthcare,Enterprise,Cash,0.18
TXN1452,2022-06-03,47501,7255,40246,Sales,South America,IT,Healthcare,SMB,Bank Transfer,0.07
TXN1453,2022-07-09,12604,25887,-13283,Sales,Africa,Marketing,Clothing,B2C,Cash,0.27
TXN1454,2022-12-07,29194,25039,4155,HR,Europe,HR,Clothing,Enterprise,Credit Card,0.1
TXN1455,2023-07-25,23089,5912,17177,Operations,North America,IT,Healthcare,B2B,Bank Transfer,0.03
TXN1456,2022-10-03,37304,29269,8035,Sales,Africa,Sales,Furniture,B2C,PayPal,0.22
TXN1457,2022-04-26,17530,7301,10229,Operations,Africa,Finance,Clothing,SMB,PayPal,0.13
TXN1458,2023-08-05,28754,10099,18655,R&D,Europe,IT,Healthcare,B2C,Cash,0.1
TXN1459,2022-08-02,45801,27380,18421,Marketing,Europe,IT,Healthcare,SMB,Cash,0.24
TXN1460,2023-08-02,5754,5453,301,Marketing,Africa,Finance,Healthcare,SMB,PayPal,0.12
TXN1461,2022-02-17,28315,11888,16427,Marketing,Africa,Sales,Healthcare,B2C,Credit Card,0.24
TXN1462,2023-09-06,7554,22871,-15317,Marketing,Africa,Operations,Software,B2C,PayPal,0.12
TXN1463,2023-12-19,24992,13747,11245,R&D,North America,IT,Healthcare,Enterprise,Credit Card,0.08
TXN1464,2023-04-11,48764,5243,43521,Operations,Europe,IT,Healthcare,SMB,Cash,0.0
TXN1465,2023-07-30,22666,3759,18907,Sales,Europe,Operations,Electronics,SMB,Cash,0.12
TXN1466,2023-10-02,37456,15788,21668,Operations,Africa,Marketing,Electronics,B2C,Credit Card,0.14
TXN1467,2022-04-14,25443,29244,-3801,Marketing,Africa,Marketing,Healthcare,Enterprise,Credit Card,0.14
TXN1468,2023-04-29,31227,21876,9351,R&D,Africa,HR,Furniture,B2C,Bank Transfer,0.15
TXN1469,2023-09-01,45856,19828,26028,Operations,North America,IT,Healthcare,SMB,Credit Card,0.08
TXN1470,2022-10-29,40849,8113,32736,HR,Asia-Pacific,HR,Healthcare,B2C,Credit Card,0.15
TXN1471,2023-04-17,21012,14141,6871,R&D,Africa,Finance,Electronics,B2C,PayPal,0.01
TXN1472,2022-06-21,35213,3979,31234,R&D,Africa,Marketing,Electronics,B2B,Bank Transfer,0.14
TXN1473,2022-04-18,31829,17649,14180,Sales,Europe,Operations,Clothing,SMB,Bank Transfer,0.28
TXN1474,2023-06-15,47759,8971,38788,Marketing,North America,Finance,Healthcare,B2B,Credit Card,0.21
TXN1475,2023-03-17,49432,4378,45054,Marketing,Europe,IT,Healthcare,SMB,PayPal,0.27
TXN1476,2023-06-07,6768,17161,-10393,R&D,Africa,IT,Healthcare,B2C,Credit Card,0.01
TXN1477,2022-02-27,25924,29718,-3794,Marketing,Asia-Pacific,IT,Healthcare,SMB,Credit Card,0.04
TXN1478,2022-09-29,7282,9680,-2398,Marketing,Europe,Marketing,Electronics,SMB,Credit Card,0.29
TXN1479,2023-10-11,27071,7642,19429,Marketing,Europe,Sales,Software,SMB,Cash,0.02
TXN1480,2022-03-27,31330,19495,11835,R&D,Africa,Sales,Software,B2B,Bank Transfer,0.29
TXN1481,2023-12-02,47508,13594,33914,Operations,North America,Sales,Furniture,SMB,Cash,0.17
TXN1482,2023-06-15,5431,11847,-6416,HR,North America,Sales,Electronics,SMB,Cash,0.11
TXN1483,2022-02-06,16309,29114,-12805,Operations,North America,Sales,Electronics,SMB,Cash,0.13
TXN1484,2023-07-10,17813,10317,7496,R&D,Asia-Pacific,HR,Healthcare,B2B,Bank Transfer,0.02
TXN1485,2022-03-27,48518,8269,40249,R&D,Africa,Finance,Electronics,SMB,PayPal,0.22
TXN1486,2023-07-14,28307,20995,7312,HR,Africa,Operations,Healthcare,B2C,Cash,0.21
TXN1487,2022-12-31,15088,15692,-604,R&D,Africa,IT,Healthcare,B2B,Credit Card,0.29
TXN1488,2022-01-04,22991,15309,7682,Sales,North America,Operations,Furniture,B2B,Bank Transfer,0.14
TXN1489,2023-01-16,39676,29861,9815,R&D,Africa,Operations,Clothing,B2B,Cash,0.0
TXN1490,2022-07-09,16214,9361,6853,R&D,Africa,HR,Healthcare,B2B,Credit Card,0.23
TXN1491,2023-12-23,14102,21764,-7662,Operations,Africa,Finance,Software,Enterprise,Cash,0.1
TXN1492,2022-03-24,22150,11223,10927,R&D,Africa,Sales,Electronics,B2C,Cash,0.01
TXN1493,2022-11-01,22020,21927,93,R&D,South America,IT,Clothing,B2B,Bank Transfer,0.26
TXN1494,2022-05-31,25124,16685,8439,R&D,Asia-Pacific,IT,Electronics,B2B,Bank Transfer,0.08
TXN1495,2023-05-01,26146,28173,-2027,Marketing,Africa,Sales,Healthcare,Enterprise,Credit Card,0.0
TXN1496,2023-06-11,12059,15885,-3826,R&D,Africa,IT,Furniture,SMB,Bank Transfer,0.07
TXN1497,2022-07-26,32069,23853,8216,Operations,North America,IT,Clothing,Enterprise,Cash,0.13
TXN1498,2023-10-12,39664,15246,24418,HR,Europe,Sales,Electronics,B2C,Bank Transfer,0.14
TXN1499,2022-08-23,18896,4943,13953,Marketing,Europe,Sales,Clothing,SMB,Cash,0.03
TXN1500,2023-06-06,48118,13541,34577,HR,Africa,Finance,Furniture,SMB,Bank Transfer,0.01
TXN1501,2023-02-04,16561,6348,10213,R&D,Asia-Pacific,Sales,Healthcare,Enterprise,Credit Card,0.12
TXN1502,2023-05-22,39291,19352,19939,R&D,Africa,Marketing,Electronics,B2B,PayPal,0.16
TXN1503,2023-09-04,39154,6642,32512,Operations,South America,IT,Healthcare,B2C,Cash,0.21
TXN1504,2023-06-12,38149,8578,29571,Sales,Africa,Marketing,Healthcare,SMB,Cash,0.05
TXN1505,2023-03-06,27983,8563,19420,R&D,Europe,IT,Electronics,B2B,Bank Transfer,0.23
TXN1506,2023-02-07,8884,28898,-20014,R&D,Asia-Pacific,IT,Furniture,SMB,PayPal,0.07
TXN1507,2023-06-12,27875,28096,-221,Marketing,North America,IT,Software,SMB,Cash,0.06
TXN1508,2022-08-16,6984,24031,-17047,R&D,Asia-Pacific,Operations,Healthcare,B2B,Credit Card,0.1
TXN1509,2023-03-19,18104,25039,-6935,Marketing,Africa,IT,Clothing,B2B,Cash,0.16
TXN1510,2022-05-26,30500,5407,25093,Operations,Europe,Sales,Electronics,B2C,PayPal,0.09
TXN1511,2023-05-14,25184,29823,-4639,Marketing,Europe,Operations,Clothing,B2C,Cash,0.04
TXN1512,2023-03-25,29834,16609,13225,Operations,Africa,Operations,Electronics,Enterprise,Cash,0.09
TXN1513,2023-09-23,27959,19881,8078,R&D,Asia-Pacific,Sales,Clothing,Enterprise,Cash,0.19
TXN1514,2022-04-04,10026,4266,5760,Operations,Africa,Sales,Electronics,SMB,Bank Transfer,0.18
TXN1515,2023-05-21,18923,16395,2528,Sales,Africa,Marketing,Healthcare,Enterprise,Credit Card,0.27
TXN1516,2022-08-07,46042,20785,25257,Sales,Africa,Operations,Healthcare,B2C,Bank Transfer,0.23
TXN1517,2022-12-28,33636,22500,11136,R&D,Africa,Sales,Healthcare,B2C,Cash,0.2
TXN1518,2022-08-23,25988,4530,21458,Sales,Europe,Sales,Healthcare,B2B,Credit Card,0.18
TXN1519,2023-09-21,46290,15119,31171,Sales,Asia-Pacific,Marketing,Software,SMB,Bank Transfer,0.25
TXN1520,2023-05-27,22716,20693,2023,R&D,Africa,HR,Software,SMB,Cash,0.06
TXN1521,2023-02-17,10640,26365,-15725,R&D,Africa,IT,Furniture,B2B,Credit Card,0.05
TXN1522,2023-12-01,7962,22731,-14769,R&D,North America,IT,Healthcare,B2C,Cash,0.09
TXN1523,2022-11-20,38526,15866,22660,HR,Europe,Marketing,Clothing,SMB,Cash,0.24
TXN1524,2023-09-27,7893,19200,-11307,Operations,South America,Finance,Software,Enterprise,Cash,0.21
TXN1525,2023-05-14,7017,28967,-21950,Marketing,Africa,Finance,Clothing,SMB,Cash,0.15
TXN1526,2022-08-01,5478,27048,-21570,Operations,North America,IT,Clothing,SMB,Cash,0.02
TXN1527,2023-09-09,33541,10621,22920,Operations,North America,Sales,Clothing,B2B,Bank Transfer,0.2
TXN1528,2022-02-20,15186,19159,-3973,Sales,Asia-Pacific,Marketing,Electronics,SMB,PayPal,0.16
TXN1529,2023-06-19,41542,17410,24132,Operations,Europe,Marketing,Furniture,SMB,Cash,0.2
TXN1530,2023-02-17,13733,14214,-481,Sales,Asia-Pacific,HR,Furniture,Enterprise,Credit Card,0.15
TXN1531,2023-10-27,40595,22135,18460,Sales,Africa,IT,Furniture,B2B,Bank Transfer,0.0
TXN1532,2023-05-22,31316,21128,10188,R&D,Africa,Sales,Software,B2B,Cash,0.21
TXN1533,2022-03-08,37408,20300,17108,R&D,Africa,Marketing,Clothing,B2B,Credit Card,0.04
TXN1534,2022-02-11,6152,3326,2826,Operations,Asia-Pacific,IT,Electronics,SMB,Bank Transfer,0.01
TXN1535,2023-02-17,44115,4788,39327,Marketing,North America,IT,Healthcare,SMB,Cash,0.09
TXN1536,2022-01-08,34270,10268,24002,Sales,Africa,Finance,Healthcare,B2B,Credit Card,0.16
TXN1537,2023-06-18,5132,21008,-15876,R&D,Africa,IT,Software,B2B,Cash,0.19
TXN1538,2022-09-21,22614,20418,2196,Sales,North America,IT,Electronics,B2C,Cash,0.0
TXN1539,2022-06-13,27763,8032,19731,Marketing,Africa,Sales,Clothing,B2C,Credit Card,0.21
TXN1540,2023-03-13,32944,5342,27602,R&D,North America,IT,Healthcare,Enterprise,PayPal,0.09
TXN1541,2023-12-25,14433,6620,7813,R&D,Africa,Marketing,Healthcare,SMB,Credit Card,0.02
TXN1542,2023-04-06,31015,23703,7312,R&D,Africa,Sales,Healthcare,B2C,Bank Transfer,0.2
TXN1543,2022-06-05,16530,12379,4151,Operations,North America,IT,Healthcare,SMB,Cash,0.12
TXN1544,2022-08-06,6940,9409,-2469,R&D,Asia-Pacific,Finance,Software,SMB,PayPal,0.11
TXN1545,2022-04-05,31455,16029,15426,R&D,South America,Finance,Clothing,Enterprise,Cash,0.18
TXN1546,2022-03-13,31609,21141,10468,HR,Africa,IT,Electronics,SMB,Cash,0.21
TXN1547,2022-04-09,6964,20731,-13767,R&D,South America,IT,Clothing,B2C,PayPal,0.08
TXN1548,2022-05-18,24796,11619,13177,R&D,Asia-Pacific,IT,Clothing,B2C,PayPal,0.22
TXN1549,2022-02-22,8044,8448,-404,Operations,Africa,Sales,Healthcare,SMB,Credit Card,0.01
TXN1550,2022-01-27,7518,29671,-22153,R&D,Europe,Operations,Electronics,B2C,PayPal,0.01
TXN1551,2023-06-24,15214,6287,8927,HR,Europe,IT,Healthcare,SMB,Cash,0.03
TXN1552,2023-12-15,42531,9230,33301,Operations,Asia-Pacific,IT,Healthcare,B2C,Credit Card,0.27
TXN1553,2022-07-07,16791,25425,-8634,Sales,North America,Marketing,Clothing,SMB,Cash,0.08
TXN1554,2022-06-27,21370,29003,-7633,Operations,Africa,IT,Healthcare,SMB,Bank Transfer,0.12
TXN1555,2023-04-05,23084,27613,-4529,Sales,North America,Marketing,Clothing,SMB,Cash,0.11
TXN1556,2023-08-24,42588,17282,25306,Sales,Europe,Finance,Furniture,B2B,Cash,0.29
TXN1557,2022-05-21,20022,12429,7593,R&D,Europe,Sales,Healthcare,SMB,Cash,0.12
TXN1558,2022-09-22,26783,12267,14516,Operations,North America,Operations,Clothing,B2C,Credit Card,0.21
TXN1559,2023-09-17,40922,5455,35467,R&D,Africa,IT,Furniture,B2B,Cash,0.21
TXN1560,2023-09-28,23349,10140,13209,R&D,Africa,IT,Electronics,B2B,Cash,0.28
TXN1561,2023-04-05,33362,11647,21715,Sales,Africa,IT,Healthcare,SMB,Cash,0.2
TXN1562,2023-01-20,5525,19305,-13780,Sales,North America,Sales,Electronics,SMB,PayPal,0.21
TXN1563,2022-10-24,7942,9496,-1554,R&D,Africa,IT,Electronics,B2B,Credit Card,0.25
TXN1564,2022-07-25,32280,18157,14123,Marketing,North America,Finance,Healthcare,SMB,Credit Card,0.06
TXN1565,2023-04-15,47723,22621,25102,Sales,Europe,HR,Healthcare,SMB,Cash,0.25
TXN1566,2022-04-15,30080,22924,7156,Operations,Africa,IT,Healthcare,SMB,Credit Card,0.19
TXN1567,2022-01-27,42001,3418,38583,Marketing,North America,Sales,Healthcare,B2B,Bank Transfer,0.22
TXN1568,2022-11-16,47926,6870,41056,R&D,North America,IT,Furniture,B2C,Cash,0.07
TXN1569,2022-03-19,46579,10686,35893,Sales,South America,Marketing,Clothing,B2C,Cash,0.21
TXN1570,2023-08-08,22816,27425,-4609,R&D,Europe,IT,Healthcare,B2C,Bank Transfer,0.01
TXN1571,2023-09-09,14302,29397,-15095,Operations,Asia-Pacific,IT,Healthcare,SMB,Cash,0.08
TXN1572,2022-08-14,17921,27921,-10000,Sales,Africa,Finance,Software,B2C,Cash,0.23
TXN1573,2023-06-23,26047,29828,-3781,Sales,Africa,Marketing,Clothing,Enterprise,Credit Card,0.29
TXN1574,2023-08-01,16592,24545,-7953,Sales,South America,Operations,Healthcare,SMB,PayPal,0.08
TXN1575,2022-04-02,32476,7149,25327,R&D,Africa,Operations,Healthcare,B2B,Bank Transfer,0.07
TXN1576,2022-04-07,36935,11479,25456,R&D,Africa,Marketing,Electronics,Enterprise,Credit Card,0.02
TXN1577,2023-04-24,20287,5389,14898,Operations,Europe,HR,Clothing,SMB,Cash,0.07
TXN1578,2022-07-04,40465,28682,11783,HR,Asia-Pacific,HR,Clothing,SMB,Cash,0.28
TXN1579,2023-03-23,18474,15074,3400,Marketing,North America,HR,Clothing,SMB,PayPal,0.18
TXN1580,2022-11-09,42165,26179,15986,Operations,Asia-Pacific,IT,Clothing,SMB,PayPal,0.21
TXN1581,2022-12-07,23944,16526,7418,Operations,Europe,Sales,Healthcare,B2B,Cash,0.18
TXN1582,2022-02-15,18458,12894,5564,Operations,South America,Marketing,Electronics,B2B,Cash,0.24
TXN1583,2022-07-30,5478,24825,-19347,Operations,Europe,IT,Healthcare,B2B,Credit Card,0.27
TXN1584,2022-12-14,12343,23087,-10744,Operations,North America,IT,Software,B2C,Credit Card,0.16
TXN1585,2023-10-26,13388,9401,3987,R&D,Africa,Sales,Clothing,B2C,Credit Card,0.22
TXN1586,2022-06-23,33662,23759,9903,Operations,South America,IT,Healthcare,B2B,Cash,0.09
TXN1587,2023-03-24,25106,3346,21760,HR,Africa,IT,Electronics,B2B,Cash,0.04
TXN1588,2022-11-15,16065,6674,9391,Sales,Asia-Pacific,Finance,Healthcare,SMB,Credit Card,0.21
TXN1589,2022-10-23,47795,29753,18042,R&D,South America,IT,Clothing,SMB,Bank Transfer,0.22
TXN1590,2022-12-04,33874,9399,24475,HR,Africa,IT,Clothing,SMB,Cash,0.12
TXN1591,2023-09-11,11540,7099,4441,Sales,Africa,IT,Healthcare,B2B,Cash,0.11
TXN1592,2022-09-22,8796,7098,1698,Operations,Africa,Sales,Software,Enterprise,Credit Card,0.26
TXN1593,2022-06-07,17008,16625,383,Operations,Africa,Sales,Software,Enterprise,PayPal,0.17
TXN1594,2023-11-23,46457,15407,31050,R&D,North America,HR,Healthcare,B2C,Cash,0.18
TXN1595,2022-06-13,11299,20434,-9135,Sales,Africa,IT,Clothing,B2B,Bank Transfer,0.02
TXN1596,2023-09-26,7109,11810,-4701,Marketing,Asia-Pacific,IT,Furniture,B2B,Credit Card,0.16
TXN1597,2023-12-02,33448,21775,11673,R&D,North America,IT,Healthcare,SMB,Credit Card,0.05
TXN1598,2023-04-08,46709,7913,38796,Sales,Africa,Marketing,Clothing,B2C,Credit Card,0.28
TXN1599,2022-01-31,16751,15908,843,HR,Europe,Sales,Clothing,B2B,Credit Card,0.02
TXN1600,2022-05-13,40001,4161,35840,R&D,North America,IT,Electronics,SMB,Bank Transfer,0.02
TXN1601,2023-01-14,34734,15682,19052,Marketing,Africa,Marketing,Healthcare,Enterprise,Bank Transfer,0.16
TXN1602,2023-01-31,6446,9893,-3447,R&D,Africa,Marketing,Furniture,Enterprise,Cash,0.01
TXN1603,2023-03-23,29249,9653,19596,Marketing,Africa,IT,Healthcare,B2C,Cash,0.25
TXN1604,2023-02-18,24872,25841,-969,HR,Africa,HR,Clothing,Enterprise,Cash,0.08
TXN1605,2023-09-13,22723,12225,10498,Operations,Africa,IT,Furniture,SMB,Cash,0.21
TXN1606,2023-10-03,42424,4633,37791,Sales,Europe,IT,Electronics,B2B,Cash,0.25
TXN1607,2022-10-14,43792,24700,19092,R&D,North America,IT,Electronics,B2C,Bank Transfer,0.11
TXN1608,2022-03-21,43196,16053,27143,R&D,North America,HR,Healthcare,SMB,Cash,0.25
TXN1609,2023-05-13,27146,4529,22617,Sales,Africa,Operations,Healthcare,Enterprise,Bank Transfer,0.14
TXN1610,2023-10-12,41241,18352,22889,R&D,Europe,HR,Clothing,SMB,Cash,0.29
TXN1611,2023-12-30,32119,10321,21798,R&D,North America,IT,Software,Enterprise,Cash,0.05
TXN1612,2023-07-23,47182,18160,29022,Marketing,Europe,IT,Software,Enterprise,PayPal,0.22
TXN1613,2022-07-21,5854,26523,-20669,R&D,South America,IT,Healthcare,SMB,Cash,0.11
TXN1614,2023-06-02,28617,20756,7861,R&D,Europe,Sales,Electronics,B2B,PayPal,0.13
TXN1615,2022-05-21,5454,7615,-2161,HR,Europe,Operations,Software,B2B,Bank Transfer,0.05
TXN1616,2023-11-03,38204,4715,33489,Operations,South America,Finance,Healthcare,SMB,Cash,0.11
TXN1617,2023-05-24,28262,22756,5506,R&D,Europe,Sales,Healthcare,SMB,Credit Card,0.22
TXN1618,2022-04-05,5191,28378,-23187,HR,Africa,IT,Healthcare,SMB,Credit Card,0.0
TXN1619,2022-08-04,48715,22408,26307,Operations,Europe,IT,Healthcare,B2B,Cash,0.0
TXN1620,2022-11-24,47149,25321,21828,HR,South America,HR,Clothing,B2C,Cash,0.18
TXN1621,2022-06-19,18816,5352,13464,Marketing,Africa,Marketing,Clothing,B2B,Bank Transfer,0.25
TXN1622,2023-03-15,44814,13955,30859,R&D,North America,IT,Clothing,SMB,Cash,0.1
TXN1623,2023-10-23,41992,22962,19030,Operations,North America,Operations,Furniture,B2C,PayPal,0.12
TXN1624,2023-11-13,18907,11704,7203,Sales,Africa,HR,Healthcare,SMB,Cash,0.25
TXN1625,2023-03-21,39274,7101,32173,HR,South America,IT,Software,Enterprise,Cash,0.28
TXN1626,2023-03-24,28681,27054,1627,Marketing,Africa,Finance,Electronics,B2C,Cash,0.12
TXN1627,2023-07-16,6063,24915,-18852,R&D,North America,Sales,Healthcare,B2B,Cash,0.29
TXN1628,2023-10-28,30391,26334,4057,Operations,South America,Sales,Furniture,B2B,Cash,0.26
TXN1629,2022-11-23,46453,3156,43297,R&D,Africa,Marketing,Healthcare,SMB,Bank Transfer,0.29
TXN1630,2023-06-19,31414,4749,26665,Sales,North America,Marketing,Software,SMB,Cash,0.22
TXN1631,2022-07-24,13353,5057,8296,R&D,Africa,IT,Electronics,SMB,Cash,0.25
TXN1632,2023-06-09,47560,23379,24181,R&D,Africa,IT,Healthcare,SMB,Credit Card,0.15
TXN1633,2022-11-01,46322,24620,21702,Sales,South America,Marketing,Clothing,SMB,Bank Transfer,0.27
TXN1634,2022-08-22,48146,26342,21804,R&D,North America,IT,Furniture,SMB,PayPal,0.05
TXN1635,2022-09-19,17835,5975,11860,R&D,Africa,HR,Furniture,SMB,Cash,0.02
TXN1636,2022-12-24,15057,11870,3187,R&D,Africa,HR,Healthcare,SMB,PayPal,0.08
TXN1637,2022-09-15,33920,26598,7322,Sales,Europe,IT,Healthcare,SMB,Credit Card,0.27
TXN1638,2022-08-25,26826,24829,1997,R&D,Asia-Pacific,IT,Healthcare,B2C,PayPal,0.07
TXN1639,2022-11-28,28534,10174,18360,R&D,North America,Sales,Healthcare,SMB,Cash,0.2
TXN1640,2022-11-30,18495,3042,15453,R&D,Asia-Pacific,IT,Electronics,Enterprise,PayPal,0.18
TXN1641,2023-11-01,23993,13897,10096,Marketing,South America,Sales,Healthcare,B2C,PayPal,0.14
TXN1642,2022-02-26,38656,21680,16976,R&D,South America,Sales,Healthcare,SMB,Bank Transfer,0.23
TXN1643,2023-02-28,46706,13193,33513,R&D,South America,Sales,Furniture,B2C,Cash,0.26
TXN1644,2023-12-20,35732,6512,29220,Marketing,Africa,Finance,Electronics,B2B,Cash,0.23
TXN1645,2023-12-13,19428,5034,14394,Sales,Africa,Marketing,Clothing,SMB,Bank Transfer,0.12
TXN1646,2022-05-26,33740,27238,6502,Operations,Africa,IT,Healthcare,B2B,PayPal,0.2
TXN1647,2023-10-20,33596,25245,8351,Sales,North America,Sales,Electronics,B2B,PayPal,0.26
TXN1648,2022-12-18,13963,29346,-15383,R&D,Asia-Pacific,Marketing,Software,B2B,Credit Card,0.19
TXN1649,2023-02-23,42741,23175,19566,Operations,Europe,IT,Software,SMB,Cash,0.08
TXN1650,2023-07-09,8924,18715,-9791,Sales,Asia-Pacific,Marketing,Furniture,B2B,Cash,0.14
TXN1651,2022-08-22,14398,13411,987,R&D,Africa,IT,Healthcare,B2B,Credit Card,0.06
TXN1652,2023-04-03,41999,7328,34671,Marketing,South America,Marketing,Furniture,B2C,Bank Transfer,0.28
TXN1653,2022-04-26,17161,28793,-11632,R&D,North America,Finance,Healthcare,B2B,Cash,0.27
TXN1654,2022-08-14,49306,6007,43299,Sales,Asia-Pacific,IT,Healthcare,SMB,Credit Card,0.03
TXN1655,2023-01-03,19573,29147,-9574,R&D,Asia-Pacific,HR,Healthcare,B2C,Cash,0.27
TXN1656,2023-04-08,38307,20215,18092,R&D,North America,IT,Healthcare,SMB,Credit Card,0.24
TXN1657,2022-04-30,48124,29998,18126,Marketing,Europe,HR,Healthcare,SMB,Cash,0.22
TXN1658,2023-05-24,28066,14658,13408,Sales,Europe,IT,Healthcare,SMB,Cash,0.19
TXN1659,2022-04-18,44227,21633,22594,Sales,Asia-Pacific,IT,Healthcare,Enterprise,PayPal,0.29
TXN1660,2022-12-14,47624,23242,24382,Sales,Europe,Operations,Clothing,B2C,Credit Card,0.05
TXN1661,2022-04-13,45253,24166,21087,R&D,Europe,IT,Healthcare,B2C,Bank Transfer,0.01
TXN1662,2023-08-04,30015,5385,24630,R&D,Asia-Pacific,HR,Clothing,SMB,PayPal,0.05
TXN1663,2022-04-02,5871,19991,-14120,Sales,North America,Sales,Software,B2C,PayPal,0.22
TXN1664,2022-10-30,12605,26900,-14295,R&D,Africa,IT,Healthcare,SMB,Cash,0.27
TXN1665,2023-01-02,20785,18620,2165,Sales,Europe,Sales,Electronics,B2C,Credit Card,0.09
TXN1666,2022-05-29,30503,11973,18530,Marketing,North America,Sales,Clothing,SMB,Bank Transfer,0.17
TXN1667,2023-12-24,8234,7038,1196,HR,Africa,IT,Healthcare,SMB,Cash,0.29
TXN1668,2022-04-05,37359,22839,14520,Operations,Africa,Operations,Healthcare,SMB,Cash,0.06
TXN1669,2023-07-06,10252,17551,-7299,HR,Africa,IT,Clothing,SMB,Credit Card,0.29
TXN1670,2023-08-18,37862,15933,21929,Sales,Africa,Marketing,Healthcare,Enterprise,Cash,0.11
TXN1671,2023-09-08,33548,27582,5966,HR,Europe,Operations,Software,B2B,Bank Transfer,0.29
TXN1672,2022-12-24,37064,3703,33361,Marketing,Africa,IT,Electronics,B2C,Cash,0.22
TXN1673,2023-07-03,31117,12257,18860,R&D,Europe,IT,Software,B2B,Cash,0.03
TXN1674,2022-11-15,19919,12833,7086,Operations,Europe,IT,Healthcare,B2C,Cash,0.18
TXN1675,2023-11-22,39797,14304,25493,Operations,Africa,IT,Healthcare,SMB,Credit Card,0.22
TXN1676,2022-04-29,32725,21624,11101,Sales,Asia-Pacific,IT,Software,SMB,Cash,0.11
TXN1677,2022-03-10,13418,15073,-1655,HR,South America,Sales,Electronics,SMB,Credit Card,0.14
TXN1678,2023-03-15,20560,13005,7555,Sales,North America,HR,Clothing,SMB,Credit Card,0.26
TXN1679,2023-03-15,38693,12199,26494,R&D,Europe,Operations,Healthcare,Enterprise,Cash,0.04
TXN1680,2023-12-04,28640,15998,12642,Marketing,North America,Marketing,Healthcare,B2B,Credit Card,0.28
TXN1681,2023-01-02,30154,15485,14669,Marketing,Africa,Marketing,Clothing,SMB,Bank Transfer,0.08
TXN1682,2022-10-30,22206,25036,-2830,Marketing,North America,Operations,Healthcare,Enterprise,Credit Card,0.29
TXN1683,2023-11-24,12563,21435,-8872,Sales,North America,HR,Electronics,B2B,Credit Card,0.14
TXN1684,2022-03-07,15683,23628,-7945,R&D,Africa,Marketing,Healthcare,SMB,Cash,0.25
TXN1685,2022-07-24,21082,7537,13545,R&D,North America,IT,Electronics,SMB,Bank Transfer,0.27
TXN1686,2022-06-30,42262,5620,36642,Marketing,Africa,Operations,Electronics,SMB,Credit Card,0.26
TXN1687,2022-11-20,9521,24408,-14887,R&D,North America,IT,Healthcare,B2C,Credit Card,0.1
TXN1688,2022-03-16,24633,20083,4550,Marketing,South America,Finance,Furniture,SMB,Credit Card,0.05
TXN1689,2022-05-26,36932,24507,12425,Operations,South America,HR,Electronics,B2B,PayPal,0.28
TXN1690,2023-04-02,6898,6346,552,Operations,Africa,IT,Furniture,B2B,Credit Card,0.28
TXN1691,2023-09-25,29920,6302,23618,R&D,North America,Sales,Healthcare,B2B,Cash,0.15
TXN1692,2023-04-24,9027,19475,-10448,HR,North America,IT,Clothing,SMB,Bank Transfer,0.17
TXN1693,2023-06-29,24353,8317,16036,R&D,North America,IT,Clothing,B2B,Cash,0.14
TXN1694,2022-01-06,22350,11914,10436,R&D,Africa,Sales,Healthcare,Enterprise,PayPal,0.25
TXN1695,2023-04-12,8223,8078,145,Sales,Africa,Sales,Electronics,B2C,Credit Card,0.27
TXN1696,2023-08-25,32789,15109,17680,R&D,North America,IT,Electronics,SMB,PayPal,0.24
TXN1697,2023-08-26,10086,6815,3271,R&D,North America,HR,Electronics,SMB,Cash,0.08
TXN1698,2022-10-10,20746,11823,8923,Sales,Africa,Finance,Software,B2C,PayPal,0.03
TXN1699,2022-07-08,39173,23158,16015,Operations,Africa,Marketing,Healthcare,SMB,Credit Card,0.04
TXN1700,2022-05-05,25615,20817,4798,Sales,South America,HR,Electronics,Enterprise,Cash,0.27
TXN1701,2023-06-30,28599,12568,16031,Sales,Africa,HR,Electronics,B2B,Credit Card,0.21
TXN1702,2023-11-28,20387,16313,4074,Sales,Asia-Pacific,Marketing,Clothing,SMB,Cash,0.08
TXN1703,2022-07-18,15905,5616,10289,HR,North America,Marketing,Electronics,Enterprise,Credit Card,0.25
TXN1704,2022-01-06,36681,17873,18808,R&D,North America,IT,Software,SMB,Credit Card,0.1
TXN1705,2023-04-10,17807,15930,1877,R&D,Asia-Pacific,Sales,Healthcare,SMB,Cash,0.16
TXN1706,2023-10-02,40701,13714,26987,Sales,Asia-Pacific,Marketing,Clothing,SMB,PayPal,0.03
TXN1707,2023-03-21,32513,18934,13579,R&D,Europe,Sales,Clothing,SMB,Bank Transfer,0.14
TXN1708,2023-06-13,24387,20465,3922,Operations,North America,IT,Software,B2B,Bank Transfer,0.09
TXN1709,2023-02-27,36723,5367,31356,R&D,Africa,Operations,Healthcare,Enterprise,Cash,0.18
TXN1710,2023-01-02,16705,20543,-3838,R&D,Asia-Pacific,Sales,Healthcare,B2C,Bank Transfer,0.05
TXN1711,2022-11-29,28064,21872,6192,R&D,North America,IT,Electronics,B2B,Credit Card,0.01
TXN1712,2023-12-04,18382,6660,11722,Sales,North America,HR,Electronics,B2C,Credit Card,0.28
TXN1713,2023-10-01,42361,13820,28541,Marketing,Africa,HR,Furniture,B2C,Cash,0.08
TXN1714,2023-12-17,20777,8902,11875,Operations,Africa,IT,Software,SMB,Cash,0.17
TXN1715,2022-12-14,40166,9516,30650,Marketing,Africa,HR,Furniture,Enterprise,Cash,0.12
TXN1716,2023-05-18,39201,15953,23248,R&D,Africa,IT,Furniture,SMB,Cash,0.06
TXN1717,2022-02-22,42965,4366,38599,Sales,North America,Operations,Healthcare,B2B,Credit Card,0.24
TXN1718,2023-09-11,6863,11481,-4618,R&D,Africa,IT,Healthcare,B2B,Cash,0.2
TXN1719,2023-03-12,48987,16102,32885,Marketing,Europe,IT,Healthcare,B2B,Credit Card,0.21
TXN1720,2023-12-17,38832,10518,28314,Operations,Africa,IT,Electronics,SMB,Cash,0.29
TXN1721,2023-10-15,28836,12153,16683,Marketing,Africa,Marketing,Software,SMB,PayPal,0.02
TXN1722,2022-09-21,22570,6074,16496,Sales,North America,IT,Electronics,SMB,Credit Card,0.13
TXN1723,2023-12-25,47646,8794,38852,R&D,South America,IT,Healthcare,B2C,Bank Transfer,0.19
TXN1724,2023-11-25,47646,9528,38118,Sales,Africa,Sales,Electronics,B2B,Cash,0.08
TXN1725,2022-02-24,6298,5172,1126,Sales,Europe,Operations,Healthcare,B2C,Bank Transfer,0.27
TXN1726,2023-06-01,29770,24474,5296,R&D,North America,IT,Software,B2B,Credit Card,0.24
TXN1727,2023-11-09,45843,16570,29273,Operations,Africa,Sales,Healthcare,B2B,Cash,0.0
TXN1728,2023-10-14,31689,5884,25805,Sales,Asia-Pacific,Sales,Software,SMB,PayPal,0.03
TXN1729,2022-12-03,21337,15237,6100,R&D,North America,Finance,Healthcare,B2C,Cash,0.11
TXN1730,2023-05-22,46261,19543,26718,Sales,Africa,IT,Electronics,B2B,Bank Transfer,0.2
TXN1731,2023-01-16,12324,8484,3840,Marketing,Asia-Pacific,HR,Furniture,B2C,Cash,0.11
TXN1732,2022-03-08,13155,22051,-8896,R&D,North America,Marketing,Electronics,SMB,Credit Card,0.08
TXN1733,2022-06-11,42105,28139,13966,R&D,North America,IT,Healthcare,B2C,Credit Card,0.17
TXN1734,2023-05-11,44665,29352,15313,Operations,Asia-Pacific,Marketing,Healthcare,SMB,Cash,0.17
TXN1735,2023-12-17,32402,4350,28052,R&D,Africa,HR,Electronics,SMB,Credit Card,0.24
TXN1736,2022-11-27,7079,8806,-1727,Sales,South America,IT,Clothing,B2C,Cash,0.25
TXN1737,2022-05-09,31422,23067,8355,Marketing,Africa,Operations,Healthcare,SMB,Cash,0.17
TXN1738,2022-07-29,22931,25239,-2308,R&D,North America,IT,Clothing,Enterprise,Bank Transfer,0.19
TXN1739,2023-04-13,40582,21562,19020,Marketing,North America,IT,Electronics,B2B,Cash,0.16
TXN1740,2022-05-16,41501,9936,31565,Sales,North America,Operations,Healthcare,SMB,Bank Transfer,0.12
TXN1741,2023-08-03,35515,28708,6807,HR,Europe,Finance,Software,SMB,Bank Transfer,0.16
TXN1742,2023-03-04,13425,4082,9343,R&D,Africa,IT,Software,B2C,Bank Transfer,0.25
TXN1743,2022-11-24,40604,28326,12278,Sales,North America,IT,Electronics,SMB,Credit Card,0.17
TXN1744,2022-09-16,36910,20010,16900,Sales,North America,HR,Furniture,B2C,Cash,0.2
TXN1745,2022-04-09,24647,19505,5142,Sales,North America,Marketing,Clothing,Enterprise,Credit Card,0.21
TXN1746,2022-08-17,39972,27333,12639,Marketing,Europe,IT,Electronics,B2B,Cash,0.16
TXN1747,2023-12-02,15759,9656,6103,R&D,Europe,Operations,Healthcare,SMB,Credit Card,0.22
TXN1748,2023-09-20,25309,5619,19690,Marketing,Africa,Operations,Electronics,SMB,Cash,0.02
TXN1749,2022-05-01,46613,12831,33782,R&D,Europe,Marketing,Electronics,SMB,Bank Transfer,0.17
TXN1750,2022-08-02,44348,22024,22324,Operations,Africa,IT,Healthcare,SMB,Cash,0.0
TXN1751,2023-01-21,25401,20984,4417,Sales,Asia-Pacific,Sales,Furniture,SMB,Cash,0.08
TXN1752,2023-12-14,17368,23490,-6122,R&D,Asia-Pacific,IT,Furniture,B2C,Bank Transfer,0.28
TXN1753,2023-06-01,21284,18401,2883,R&D,Europe,Marketing,Software,B2C,Credit Card,0.26
TXN1754,2022-01-16,27295,23245,4050,R&D,Africa,IT,Electronics,SMB,Cash,0.14
TXN1755,2023-01-07,14871,9195,5676,Sales,Africa,IT,Furniture,B2B,Credit Card,0.16
TXN1756,2022-10-18,11232,13366,-2134,Sales,Asia-Pacific,IT,Healthcare,Enterprise,Cash,0.2
TXN1757,2022-07-28,15307,5167,10140,R&D,Europe,Sales,Healthcare,B2B,Cash,0.09
TXN1758,2023-06-06,22255,7782,14473,R&D,Africa,IT,Clothing,SMB,Cash,0.01
TXN1759,2022-03-28,45907,19740,26167,R&D,Asia-Pacific,HR,Healthcare,SMB,Credit Card,0.22
TXN1760,2023-12-14,47771,3777,43994,Operations,Africa,IT,Healthcare,B2B,Cash,0.11
TXN1761,2023-11-17,41144,28517,12627,HR,Africa,HR,Healthcare,B2B,Credit Card,0.11
TXN1762,2023-11-23,31580,14412,17168,HR,Europe,Marketing,Healthcare,SMB,Credit Card,0.27
TXN1763,2023-01-16,7422,25293,-17871,R&D,South America,Operations,Clothing,B2C,Cash,0.04
TXN1764,2023-10-17,42863,21901,20962,R&D,Europe,IT,Healthcare,Enterprise,Cash,0.0
TXN1765,2022-11-03,22829,12388,10441,R&D,Europe,IT,Software,SMB,PayPal,0.09
TXN1766,2023-01-23,23798,13858,9940,R&D,Asia-Pacific,Operations,Healthcare,B2B,Credit Card,0.28
TXN1767,2022-07-25,37340,10465,26875,R&D,Africa,IT,Electronics,Enterprise,Bank Transfer,0.25
TXN1768,2023-06-26,20856,19055,1801,R&D,Africa,IT,Clothing,B2B,Credit Card,0.12
TXN1769,2023-08-06,10693,15957,-5264,R&D,North America,Marketing,Healthcare,Enterprise,PayPal,0.21
TXN1770,2023-08-09,44914,13697,31217,R&D,South America,Finance,Furniture,SMB,Cash,0.2
TXN1771,2023-02-22,17146,14897,2249,Marketing,Africa,IT,Furniture,Enterprise,PayPal,0.09
TXN1772,2023-05-02,26665,23553,3112,Operations,North America,Finance,Healthcare,Enterprise,Bank Transfer,0.04
TXN1773,2023-05-16,38817,28930,9887,R&D,Europe,IT,Healthcare,SMB,Credit Card,0.03
TXN1774,2023-07-09,28546,23490,5056,HR,North America,Marketing,Clothing,SMB,PayPal,0.13
TXN1775,2023-04-07,25704,6082,19622,R&D,North America,Marketing,Healthcare,SMB,PayPal,0.01
TXN1776,2022-05-29,32706,23028,9678,HR,Asia-Pacific,IT,Healthcare,Enterprise,Credit Card,0.18
TXN1777,2022-09-17,6375,23841,-17466,HR,North America,IT,Healthcare,B2B,Bank Transfer,0.09
TXN1778,2022-04-03,28539,13755,14784,Marketing,Africa,IT,Healthcare,SMB,Credit Card,0.15
TXN1779,2023-01-16,41643,14036,27607,HR,South America,Marketing,Electronics,SMB,Cash,0.14
TXN1780,2023-12-04,48478,19390,29088,HR,Europe,IT,Healthcare,B2B,Credit Card,0.25
TXN1781,2023-03-31,6973,20517,-13544,Marketing,Africa,Finance,Clothing,SMB,Cash,0.1
TXN1782,2022-08-14,21305,5066,16239,R&D,Africa,IT,Clothing,B2C,PayPal,0.0
TXN1783,2023-06-19,15626,29948,-14322,Marketing,Africa,Marketing,Clothing,SMB,PayPal,0.23
TXN1784,2023-11-16,32028,20968,11060,R&D,Africa,Sales,Electronics,B2B,Credit Card,0.07
TXN1785,2023-03-06,13724,23467,-9743,Sales,Europe,Sales,Clothing,SMB,PayPal,0.01
TXN1786,2023-06-08,20838,28739,-7901,Operations,Europe,Sales,Electronics,SMB,Cash,0.23
TXN1787,2022-03-04,27818,24673,3145,R&D,Asia-Pacific,Operations,Healthcare,Enterprise,Bank Transfer,0.0
TXN1788,2023-03-15,29804,20836,8968,R&D,South America,IT,Healthcare,SMB,Cash,0.29
TXN1789,2023-04-30,36675,16687,19988,Sales,Africa,HR,Healthcare,B2B,Credit Card,0.28
TXN1790,2022-11-14,10295,16272,-5977,Sales,Africa,Marketing,Healthcare,B2C,Credit Card,0.25
TXN1791,2023-09-22,5589,27926,-22337,Marketing,South America,IT,Electronics,Enterprise,Cash,0.14
TXN1792,2022-02-27,41317,27332,13985,R&D,Africa,IT,Healthcare,B2B,Cash,0.26
TXN1793,2022-04-01,11820,17706,-5886,Operations,Asia-Pacific,Operations,Clothing,SMB,Cash,0.26
TXN1794,2023-10-23,45808,14066,31742,R&D,Asia-Pacific,IT,Healthcare,B2B,Bank Transfer,0.29
TXN1795,2022-01-08,26050,28873,-2823,Marketing,Europe,Operations,Software,SMB,PayPal,0.08
TXN1796,2022-12-26,15455,10422,5033,R&D,Asia-Pacific,HR,Electronics,B2C,Credit Card,0.27
TXN1797,2022-06-17,6215,26135,-19920,Marketing,Africa,Sales,Healthcare,B2B,PayPal,0.02
TXN1798,2022-09-26,8638,24934,-16296,Marketing,South America,IT,Healthcare,SMB,Cash,0.21
TXN1799,2022-01-22,7556,16672,-9116,R&D,North America,Operations,Healthcare,Enterprise,PayPal,0.14
TXN1800,2023-02-13,15868,19821,-3953,Sales,Africa,Sales,Furniture,SMB,Cash,0.28
TXN1801,2023-04-11,17123,18203,-1080,Marketing,South America,IT,Healthcare,SMB,Credit Card,0.27
TXN1802,2023-11-19,35100,21570,13530,R&D,Africa,IT,Clothing,B2C,Cash,0.02
TXN1803,2023-12-12,27867,3857,24010,Operations,Africa,IT,Software,B2C,Bank Transfer,0.19
TXN1804,2022-02-17,35313,17986,17327,R&D,South America,HR,Furniture,B2C,Bank Transfer,0.28
TXN1805,2022-09-11,47393,21776,25617,HR,North America,Operations,Clothing,Enterprise,Cash,0.02
TXN1806,2023-11-06,10169,6153,4016,R&D,North America,IT,Healthcare,SMB,Credit Card,0.27
TXN1807,2023-05-08,27956,28463,-507,Sales,Africa,Operations,Clothing,SMB,Bank Transfer,0.28
TXN1808,2023-05-30,19368,22117,-2749,R&D,North America,Finance,Healthcare,B2B,Bank Transfer,0.23
TXN1809,2022-02-25,37121,11555,25566,R&D,Asia-Pacific,IT,Software,SMB,Cash,0.02
TXN1810,2022-09-22,20774,29013,-8239,HR,North America,Operations,Healthcare,B2B,Bank Transfer,0.2
TXN1811,2022-10-20,38771,28815,9956,Operations,North America,Sales,Electronics,Enterprise,PayPal,0.25
TXN1812,2023-04-16,49174,4787,44387,Sales,Africa,Marketing,Healthcare,B2C,Cash,0.02
TXN1813,2022-02-08,23732,5021,18711,R&D,Africa,Marketing,Healthcare,SMB,Credit Card,0.08
TXN1814,2023-10-09,46417,3201,43216,R&D,Asia-Pacific,IT,Software,SMB,Credit Card,0.25
TXN1815,2022-07-27,37106,25973,11133,R&D,Asia-Pacific,IT,Electronics,SMB,Bank Transfer,0.13
TXN1816,2023-06-23,21539,12052,9487,Operations,Europe,Marketing,Healthcare,Enterprise,Credit Card,0.11
TXN1817,2023-12-13,16918,4290,12628,Sales,Asia-Pacific,Sales,Healthcare,SMB,PayPal,0.24
TXN1818,2023-05-13,9384,28624,-19240,Marketing,South America,Marketing,Software,SMB,Cash,0.12
TXN1819,2023-09-11,13084,21665,-8581,R&D,Asia-Pacific,Marketing,Healthcare,SMB,Bank Transfer,0.27
TXN1820,2023-08-22,40132,27844,12288,R&D,Europe,IT,Clothing,SMB,Bank Transfer,0.22
TXN1821,2023-06-07,48634,3081,45553,Sales,Africa,IT,Furniture,SMB,PayPal,0.08
TXN1822,2022-06-21,6377,6734,-357,Sales,Africa,IT,Software,SMB,PayPal,0.06
TXN1823,2023-01-24,7542,20384,-12842,R&D,Africa,IT,Clothing,B2C,PayPal,0.07
TXN1824,2022-11-18,30570,19358,11212,Marketing,Asia-Pacific,IT,Furniture,SMB,Credit Card,0.08
TXN1825,2022-02-22,28180,9398,18782,HR,Africa,Marketing,Clothing,SMB,Cash,0.22
TXN1826,2023-08-01,15848,19257,-3409,R&D,Africa,Marketing,Clothing,B2C,Credit Card,0.26
TXN1827,2023-03-07,30379,17242,13137,Sales,North America,IT,Healthcare,Enterprise,Credit Card,0.18
TXN1828,2023-09-30,27183,11060,16123,R&D,North America,IT,Software,B2B,Credit Card,0.13
TXN1829,2023-12-04,33721,4934,28787,Marketing,North America,IT,Electronics,SMB,Cash,0.24
TXN1830,2023-02-07,36789,9519,27270,Sales,Europe,Marketing,Clothing,B2B,PayPal,0.06
TXN1831,2023-02-01,19310,20546,-1236,Sales,North America,IT,Software,SMB,Credit Card,0.26
TXN1832,2022-01-21,29165,4204,24961,Marketing,Africa,IT,Furniture,B2C,PayPal,0.12
TXN1833,2022-09-18,23929,23858,71,R&D,Africa,IT,Healthcare,SMB,Credit Card,0.1
TXN1834,2023-04-29,7597,27221,-19624,R&D,North America,Marketing,Furniture,SMB,Credit Card,0.21
TXN1835,2022-05-01,33374,18515,14859,Sales,Africa,Marketing,Electronics,B2B,Credit Card,0.27
TXN1836,2022-11-02,48432,23240,25192,Operations,Africa,IT,Furniture,SMB,Cash,0.2
TXN1837,2022-02-04,34559,23057,11502,R&D,North America,IT,Electronics,SMB,Bank Transfer,0.22
TXN1838,2023-01-07,9460,11618,-2158,R&D,South America,Operations,Healthcare,B2B,Bank Transfer,0.22
TXN1839,2023-02-15,46591,16404,30187,R&D,North America,IT,Software,B2C,Cash,0.17
TXN1840,2022-04-27,11450,19877,-8427,Marketing,Europe,HR,Healthcare,SMB,Credit Card,0.17
TXN1841,2023-07-23,32222,8688,23534,Marketing,Europe,HR,Healthcare,B2C,Bank Transfer,0.17
TXN1842,2023-03-06,15088,20618,-5530,Marketing,Europe,Marketing,Software,B2C,Cash,0.02
TXN1843,2022-03-22,37489,15192,22297,HR,Africa,Marketing,Clothing,B2B,Cash,0.26
TXN1844,2023-12-03,45351,23263,22088,Sales,Asia-Pacific,HR,Healthcare,B2C,Bank Transfer,0.21
TXN1845,2022-02-28,5103,18353,-13250,R&D,Europe,Sales,Healthcare,B2B,Cash,0.17
TXN1846,2022-09-13,14548,6535,8013,HR,North America,Sales,Clothing,SMB,Credit Card,0.18
TXN1847,2023-12-14,31250,12306,18944,Operations,Africa,Operations,Furniture,SMB,PayPal,0.18
TXN1848,2022-02-22,21125,19994,1131,R&D,Africa,IT,Electronics,Enterprise,Credit Card,0.04
TXN1849,2022-06-29,8251,8031,220,R&D,North America,HR,Healthcare,B2B,Credit Card,0.11
TXN1850,2023-07-26,35478,22730,12748,Marketing,Asia-Pacific,Operations,Healthcare,B2B,Cash,0.23
TXN1851,2022-11-20,35119,7341,27778,Sales,Europe,IT,Software,Enterprise,Cash,0.15
TXN1852,2023-11-24,30920,20291,10629,R&D,North America,IT,Furniture,SMB,Bank Transfer,0.28
TXN1853,2023-01-15,11119,18269,-7150,Sales,North America,Marketing,Furniture,SMB,Cash,0.23
TXN1854,2022-08-22,23529,17470,6059,R&D,Africa,Sales,Healthcare,B2C,Credit Card,0.03
TXN1855,2023-02-08,42671,16729,25942,R&D,Africa,Operations,Software,B2C,Cash,0.17
TXN1856,2022-03-24,36277,15502,20775,Marketing,Europe,Sales,Electronics,B2C,Credit Card,0.26
TXN1857,2022-11-07,36514,27493,9021,R&D,Europe,IT,Software,SMB,Credit Card,0.16
TXN1858,2022-06-02,21576,5086,16490,Operations,North America,HR,Clothing,SMB,Credit Card,0.09
TXN1859,2023-08-18,36093,12021,24072,R&D,Africa,IT,Clothing,B2C,Credit Card,0.16
TXN1860,2022-06-14,44632,13236,31396,R&D,North America,IT,Healthcare,SMB,Bank Transfer,0.11
TXN1861,2023-03-03,36868,29167,7701,Marketing,Asia-Pacific,HR,Healthcare,Enterprise,PayPal,0.03
TXN1862,2022-06-10,25808,4394,21414,R&D,North America,IT,Clothing,SMB,Cash,0.17
TXN1863,2022-01-13,12010,20363,-8353,R&D,Africa,IT,Software,B2B,Cash,0.01
TXN1864,2022-04-23,46214,5572,40642,Operations,Africa,Sales,Software,B2C,PayPal,0.1
TXN1865,2022-12-09,43303,25045,18258,R&D,Europe,IT,Electronics,B2B,Bank Transfer,0.05
TXN1866,2022-01-18,19805,28424,-8619,HR,Africa,IT,Healthcare,B2C,Cash,0.11
TXN1867,2022-01-12,19835,6157,13678,Marketing,Europe,IT,Furniture,SMB,Cash,0.03
TXN1868,2023-12-14,10272,10683,-411,R&D,North America,Marketing,Healthcare,B2C,Credit Card,0.05
TXN1869,2023-09-17,6682,8229,-1547,R&D,Asia-Pacific,IT,Electronics,SMB,PayPal,0.1
TXN1870,2023-06-14,12617,11139,1478,Operations,North America,HR,Healthcare,SMB,Credit Card,0.15
TXN1871,2022-04-15,18579,6874,11705,R&D,Africa,HR,Electronics,SMB,PayPal,0.02
TXN1872,2022-06-27,38069,4178,33891,Marketing,North America,Marketing,Healthcare,SMB,PayPal,0.01
TXN1873,2022-06-21,36962,8732,28230,Sales,Africa,Finance,Healthcare,B2C,Credit Card,0.23
TXN1874,2023-02-08,47053,21554,25499,Operations,South America,Finance,Healthcare,B2B,Credit Card,0.19
TXN1875,2022-02-11,43047,28106,14941,R&D,North America,HR,Healthcare,SMB,Credit Card,0.09
TXN1876,2022-04-29,12517,4270,8247,Marketing,South America,IT,Healthcare,B2B,Cash,0.15
TXN1877,2023-07-30,29383,27937,1446,Sales,Africa,Sales,Furniture,B2B,Cash,0.27
TXN1878,2023-02-18,38926,12488,26438,Sales,North America,Finance,Furniture,SMB,Credit Card,0.13
TXN1879,2022-05-01,37954,27494,10460,R&D,Asia-Pacific,IT,Healthcare,SMB,Credit Card,0.1
TXN1880,2022-11-27,35962,22847,13115,R&D,Africa,IT,Healthcare,Enterprise,Cash,0.28
TXN1881,2022-12-14,39947,11631,28316,Operations,Europe,Marketing,Software,B2B,Cash,0.2
TXN1882,2023-08-20,40678,19452,21226,Operations,South America,Marketing,Healthcare,B2C,Cash,0.27
TXN1883,2023-05-10,24983,27971,-2988,R&D,South America,Sales,Healthcare,SMB,Bank Transfer,0.25
TXN1884,2022-07-21,26672,17010,9662,R&D,Africa,Sales,Clothing,B2B,PayPal,0.22
TXN1885,2022-09-16,9829,27979,-18150,R&D,Europe,Operations,Furniture,Enterprise,Cash,0.04
TXN1886,2022-07-09,12684,25839,-13155,Sales,Asia-Pacific,Finance,Healthcare,SMB,Cash,0.12
TXN1887,2022-12-28,19759,11938,7821,R&D,Europe,IT,Software,B2B,Credit Card,0.15
TXN1888,2022-02-03,9100,8879,221,Sales,North America,Finance,Electronics,SMB,Bank Transfer,0.0
TXN1889,2022-10-20,25455,8724,16731,Operations,Asia-Pacific,IT,Software,B2B,Cash,0.21
TXN1890,2022-01-07,21810,27931,-6121,Marketing,North America,Marketing,Software,SMB,Cash,0.19
TXN1891,2023-08-24,22953,11986,10967,Marketing,Asia-Pacific,Sales,Clothing,B2C,PayPal,0.28
TXN1892,2022-01-23,22761,7807,14954,R&D,Europe,IT,Healthcare,SMB,PayPal,0.01
TXN1893,2023-03-24,34132,22098,12034,R&D,Africa,Sales,Healthcare,B2C,PayPal,0.14
TXN1894,2023-11-01,40901,14616,26285,R&D,North America,Finance,Software,B2B,Credit Card,0.25
TXN1895,2023-01-06,21015,24747,-3732,Sales,Africa,Marketing,Healthcare,B2B,PayPal,0.06
TXN1896,2022-01-20,12665,13122,-457,HR,Europe,IT,Furniture,B2C,Bank Transfer,0.12
TXN1897,2022-04-15,5126,10918,-5792,R&D,South America,IT,Electronics,SMB,Cash,0.02
TXN1898,2022-07-23,10173,14725,-4552,R&D,Africa,Sales,Clothing,SMB,Credit Card,0.22
TXN1899,2023-12-02,8689,10013,-1324,HR,Africa,IT,Healthcare,SMB,Cash,0.14
TXN1900,2022-11-27,35938,19939,15999,Sales,Africa,IT,Electronics,B2B,PayPal,0.19
TXN1901,2023-07-10,28847,23232,5615,Operations,Africa,IT,Software,SMB,Cash,0.07
TXN1902,2023-04-01,16789,29539,-12750,R&D,North America,Marketing,Furniture,Enterprise,Bank Transfer,0.22
TXN1903,2023-02-02,28030,5443,22587,HR,Europe,Sales,Software,SMB,Bank Transfer,0.08
TXN1904,2022-11-29,13523,20917,-7394,HR,Africa,IT,Healthcare,SMB,PayPal,0.22
TXN1905,2023-11-26,32999,17415,15584,Sales,Africa,IT,Electronics,B2B,Cash,0.27
TXN1906,2023-09-10,14794,14263,531,R&D,Africa,Operations,Healthcare,SMB,Bank Transfer,0.28
TXN1907,2023-01-20,20852,26622,-5770,R&D,Africa,HR,Healthcare,SMB,Bank Transfer,0.25
TXN1908,2023-07-21,23730,4310,19420,Sales,Europe,Finance,Electronics,SMB,Cash,0.02
TXN1909,2022-09-12,49669,12114,37555,R&D,Africa,Finance,Healthcare,SMB,Cash,0.02
TXN1910,2023-01-04,11497,5231,6266,R&D,South America,IT,Clothing,B2B,Credit Card,0.14
TXN1911,2022-01-23,45764,16243,29521,Marketing,North America,IT,Clothing,B2C,Cash,0.05
TXN1912,2022-10-28,24061,5206,18855,R&D,Europe,Operations,Clothing,SMB,Cash,0.03
TXN1913,2023-10-30,7426,25496,-18070,R&D,Asia-Pacific,IT,Clothing,SMB,Bank Transfer,0.14
TXN1914,2023-05-20,30498,26956,3542,HR,South America,Finance,Clothing,SMB,PayPal,0.27
TXN1915,2023-04-09,15308,8169,7139,R&D,Africa,IT,Healthcare,SMB,Credit Card,0.18
TXN1916,2023-06-25,37460,24309,13151,Sales,Africa,Finance,Healthcare,SMB,PayPal,0.24
TXN1917,2023-03-25,20965,14704,6261,Marketing,North America,Finance,Software,Enterprise,Credit Card,0.07
TXN1918,2023-02-24,31286,25237,6049,Sales,Africa,Marketing,Healthcare,SMB,Bank Transfer,0.02
TXN1919,2022-02-01,15784,3279,12505,R&D,North America,Sales,Software,SMB,Cash,0.0
TXN1920,2022-11-26,11686,24333,-12647,R&D,Europe,Sales,Healthcare,Enterprise,Credit Card,0.27
TXN1921,2022-05-23,29136,19527,9609,R&D,Asia-Pacific,Marketing,Electronics,SMB,PayPal,0.1
TXN1922,2023-06-22,17527,20764,-3237,R&D,Africa,Operations,Healthcare,B2B,PayPal,0.29
TXN1923,2023-09-22,11790,23474,-11684,HR,Europe,Operations,Healthcare,Enterprise,PayPal,0.26
TXN1924,2022-10-03,16225,25344,-9119,R&D,Africa,HR,Electronics,B2C,Cash,0.02
TXN1925,2022-02-05,25312,28447,-3135,Sales,Asia-Pacific,Operations,Electronics,SMB,Credit Card,0.19
TXN1926,2023-08-14,47695,21292,26403,R&D,Africa,Marketing,Clothing,Enterprise,Cash,0.04
TXN1927,2022-02-16,45689,12115,33574,HR,Europe,IT,Healthcare,Enterprise,Credit Card,0.25
TXN1928,2022-06-11,14339,18964,-4625,Operations,Africa,IT,Clothing,B2C,Cash,0.24
TXN1929,2022-05-27,8941,20944,-12003,Operations,Asia-Pacific,Finance,Clothing,B2C,Credit Card,0.16
TXN1930,2023-06-04,34578,11783,22795,Marketing,Africa,IT,Electronics,Enterprise,Credit Card,0.06
TXN1931,2022-05-14,23370,3076,20294,R&D,Africa,Marketing,Healthcare,SMB,Bank Transfer,0.22
TXN1932,2022-05-18,17360,5813,11547,HR,Asia-Pacific,Sales,Healthcare,SMB,PayPal,0.03
TXN1933,2022-01-03,20019,27672,-7653,Marketing,Africa,IT,Software,SMB,Credit Card,0.28
TXN1934,2022-11-15,30724,20947,9777,Marketing,Europe,Sales,Healthcare,Enterprise,PayPal,0.25
TXN1935,2022-05-22,21137,29487,-8350,Marketing,Asia-Pacific,IT,Electronics,B2C,Bank Transfer,0.05
TXN1936,2022-05-04,45112,7776,37336,R&D,Africa,IT,Furniture,SMB,PayPal,0.29
TXN1937,2023-12-10,26594,28413,-1819,HR,Africa,Operations,Healthcare,SMB,Cash,0.04
TXN1938,2023-05-05,36581,5966,30615,R&D,Africa,IT,Electronics,SMB,Cash,0.1
TXN1939,2023-12-04,24959,26593,-1634,R&D,North America,Sales,Software,SMB,Bank Transfer,0.1
TXN1940,2022-05-14,10121,17802,-7681,HR,Africa,IT,Healthcare,Enterprise,Cash,0.23
TXN1941,2022-10-22,20193,13176,7017,Sales,Africa,Operations,Healthcare,B2C,Cash,0.07
TXN1942,2022-05-04,16369,25650,-9281,Marketing,Africa,Sales,Electronics,Enterprise,Cash,0.12
TXN1943,2022-04-16,22513,23913,-1400,Marketing,Africa,Sales,Software,B2C,Bank Transfer,0.1
TXN1944,2022-01-04,15397,17157,-1760,R&D,Africa,Sales,Clothing,SMB,Cash,0.05
TXN1945,2022-01-23,5137,26525,-21388,R&D,Europe,IT,Electronics,B2B,Bank Transfer,0.27
TXN1946,2023-03-24,48346,23850,24496,Operations,North America,Operations,Healthcare,B2B,PayPal,0.19
TXN1947,2023-09-30,10202,15367,-5165,Operations,Africa,Marketing,Healthcare,B2C,Credit Card,0.09
TXN1948,2022-11-25,19223,9227,9996,Operations,South America,IT,Clothing,SMB,Credit Card,0.13
TXN1949,2022-11-29,10426,26489,-16063,Operations,South America,IT,Electronics,B2B,PayPal,0.0
TXN1950,2023-12-13,26097,11673,14424,Marketing,Africa,Finance,Healthcare,SMB,Cash,0.06
TXN1951,2023-06-30,43906,25279,18627,Sales,Asia-Pacific,Finance,Healthcare,Enterprise,Cash,0.11
TXN1952,2023-07-12,16130,12967,3163,Sales,Asia-Pacific,Marketing,Furniture,B2B,Cash,0.2
TXN1953,2023-10-10,20133,18511,1622,R&D,North America,HR,Healthcare,Enterprise,Cash,0.22
TXN1954,2023-08-28,17459,17621,-162,Operations,Africa,Marketing,Clothing,SMB,Cash,0.28
TXN1955,2023-03-02,28349,8242,20107,Sales,Africa,IT,Healthcare,SMB,PayPal,0.17
TXN1956,2022-03-06,48232,23171,25061,R&D,Africa,Sales,Software,B2C,Credit Card,0.16
TXN1957,2023-01-04,12924,5566,7358,R&D,South America,HR,Software,B2B,Credit Card,0.15
TXN1958,2022-10-22,15774,10953,4821,R&D,North America,IT,Electronics,SMB,Cash,0.13
TXN1959,2023-04-18,31551,15218,16333,R&D,Europe,HR,Healthcare,SMB,Credit Card,0.19
TXN1960,2023-10-29,46957,23404,23553,Operations,Africa,IT,Healthcare,SMB,Cash,0.28
TXN1961,2023-10-25,28852,6078,22774,HR,South America,IT,Healthcare,SMB,Cash,0.16
TXN1962,2022-01-03,27486,17690,9796,Marketing,Africa,IT,Clothing,SMB,PayPal,0.13
TXN1963,2022-08-30,27302,27794,-492,HR,South America,Sales,Healthcare,B2C,PayPal,0.18
TXN1964,2023-04-12,35008,11118,23890,Marketing,Africa,Sales,Healthcare,SMB,Bank Transfer,0.26
TXN1965,2022-09-02,17938,13263,4675,R&D,Asia-Pacific,Sales,Healthcare,SMB,PayPal,0.02
TXN1966,2023-10-01,15421,29311,-13890,Operations,North America,Sales,Electronics,Enterprise,Cash,0.21
TXN1967,2023-08-26,40764,12235,28529,Operations,South America,Sales,Healthcare,Enterprise,Cash,0.26
TXN1968,2022-12-11,21817,4004,17813,Sales,Asia-Pacific,IT,Electronics,SMB,Cash,0.13
TXN1969,2022-01-14,29963,10844,19119,HR,Europe,IT,Healthcare,SMB,Cash,0.04
TXN1970,2023-11-10,20144,22526,-2382,Operations,Europe,IT,Electronics,B2B,Cash,0.05
TXN1971,2022-10-21,38141,6702,31439,R&D,Asia-Pacific,Sales,Software,B2B,Bank Transfer,0.03
TXN1972,2023-10-01,34676,23937,10739,R&D,Africa,HR,Clothing,B2B,Bank Transfer,0.12
TXN1973,2022-03-23,11083,27482,-16399,R&D,North America,Operations,Healthcare,SMB,Cash,0.03
TXN1974,2023-04-30,45636,5414,40222,Operations,Africa,IT,Healthcare,B2C,Cash,0.19
TXN1975,2023-05-14,40731,16747,23984,Sales,Africa,HR,Healthcare,SMB,Credit Card,0.28
TXN1976,2022-06-05,17126,26412,-9286,Marketing,Africa,Marketing,Healthcare,Enterprise,Cash,0.19
TXN1977,2023-05-14,13869,4848,9021,Operations,Europe,IT,Furniture,B2B,Credit Card,0.13
TXN1978,2023-09-08,32889,18268,14621,Operations,Africa,IT,Healthcare,B2B,Cash,0.0
TXN1979,2023-10-06,30385,26630,3755,Operations,North America,HR,Healthcare,SMB,Bank Transfer,0.24
TXN1980,2022-11-26,49067,7879,41188,Operations,North America,Marketing,Electronics,B2B,Credit Card,0.23
TXN1981,2023-08-19,24793,23885,908,Operations,South America,IT,Furniture,B2B,Bank Transfer,0.11
TXN1982,2023-12-13,25809,8835,16974,Marketing,Europe,Operations,Electronics,B2B,Cash,0.27
TXN1983,2022-06-17,40215,16553,23662,HR,Africa,Sales,Electronics,B2B,Cash,0.22
TXN1984,2022-06-15,17036,23613,-6577,Operations,Africa,IT,Healthcare,SMB,Credit Card,0.08
TXN1985,2022-12-17,6461,26919,-20458,Marketing,South America,HR,Electronics,SMB,Cash,0.25
TXN1986,2023-05-13,30122,11107,19015,HR,Asia-Pacific,IT,Software,Enterprise,PayPal,0.01
TXN1987,2022-04-09,44838,29000,15838,R&D,Africa,Sales,Healthcare,B2C,Bank Transfer,0.12
TXN1988,2022-05-17,38062,19830,18232,R&D,Europe,IT,Clothing,B2B,Cash,0.04
TXN1989,2023-06-29,39397,16207,23190,Marketing,Africa,IT,Healthcare,SMB,Cash,0.04
TXN1990,2022-03-25,24743,27010,-2267,Sales,North America,Operations,Healthcare,SMB,Cash,0.2
TXN1991,2023-08-06,32943,22729,10214,R&D,Europe,Sales,Healthcare,Enterprise,PayPal,0.12
TXN1992,2023-07-05,30632,11926,18706,HR,Africa,Marketing,Healthcare,Enterprise,Credit Card,0.12
TXN1993,2022-07-12,43929,10814,33115,HR,Africa,Sales,Healthcare,SMB,Cash,0.11
TXN1994,2023-07-23,36410,5608,30802,R&D,Asia-Pacific,HR,Healthcare,B2B,Cash,0.02
TXN1995,2023-06-06,42597,10385,32212,R&D,Africa,IT,Software,Enterprise,Cash,0.17
TXN1996,2023-02-15,16510,14630,1880,HR,Africa,Sales,Clothing,Enterprise,PayPal,0.17
TXN1997,2023-12-29,9533,24753,-15220,R&D,Europe,IT,Healthcare,B2C,Credit Card,0.14
TXN1998,2023-06-28,15284,9144,6140,Marketing,Africa,IT,Software,B2C,PayPal,0.17
TXN1999,2023-03-11,19703,5735,13968,Operations,South America,Marketing,Healthcare,B2C,Credit Card,0.16
TXN2000,2023-08-10,19451,6644,12807,R&D,Asia-Pacific,IT,Healthcare,B2B,Bank Transfer,0.03
